"U.S. Historical Series of Unemployment Rates, Vacancy Rates, and Labor Productivity.",,,,
"See Petrosky-Nadeau and Zhang (2020), ""Unemployment Crises"" for detailed construction.",,,,
The unemployment rates and vacancy rates as well as the labor productivity are in percent.,,,,
,,,,
,Civilian Unemployment Rates,Private Nonfarm Unemployment Rates,Vacancy Rates,Labor Productivity
1890M01,3.08123645,3.99592797,,0.13320376
1890M02,3.28880174,5.01932548,,0.11942179
1890M03,3.49633549,5.95941924,,0.12014216
1890M04,3.70721852,6.83159126,,0.11892619
1890M05,3.82383510,7.45149437,,0.11638704
1890M06,3.97732334,8.06592809,,0.11458995
1890M07,4.09467267,8.53548580,,0.11391314
1890M08,4.22722959,8.96702505,,0.11135224
1890M09,4.35279816,9.31534074,,0.10802780
1890M10,4.44150268,9.51507288,,0.10251378
1890M11,4.54794741,9.68168029,,0.10624223
1890M12,4.60109886,9.66170882,,0.09525037
1891M01,4.49676791,9.24337458,,0.10979826
1891M02,4.49945821,9.07133775,,0.11153385
1891M03,4.56394614,9.04235953,,0.11923330
1891M04,4.53990398,8.85704734,,0.10468220
1891M05,4.57778343,8.81202275,,0.10065632
1891M06,4.61517484,8.78386327,,0.10598789
1891M07,4.56379347,8.60645123,,0.11374490
1891M08,4.53795959,8.49750727,,0.11582864
1891M09,4.50657596,8.39766829,,0.11888254
1891M10,4.40328693,8.18343891,,0.12466910
1891M11,4.34630246,8.07411839,,0.13026257
1891M12,4.22904708,7.87081071,,0.12951661
1892M01,4.13798451,7.73316694,,0.12600908
1892M02,4.08408645,7.66012019,,0.12735651
1892M03,4.04658425,7.61305346,,0.12976590
1892M04,4.03961202,7.61871320,,0.12427209
1892M05,4.07785039,7.70510857,,0.12889689
1892M06,4.10056780,7.75762727,,0.13379840
1892M07,4.18365401,7.91986382,,0.12865145
1892M08,4.29748777,8.13588806,,0.13118840
1892M09,4.43203088,8.38666535,,0.13028968
1892M10,4.58179968,8.66178516,,0.12518378
1892M11,4.75813539,8.98266484,,0.12665336
1892M12,4.98020684,9.38534314,,0.12674871
1893M01,5.12391516,9.63608760,,0.13142839
1893M02,5.33404238,10.01156776,,0.13473845
1893M03,5.56239273,10.42088301,,0.13365534
1893M04,5.84595005,10.93313444,,0.13872534
1893M05,6.14521397,11.47417131,,0.13118902
1893M06,6.56284111,12.23537323,,0.12177711
1893M07,7.04711029,13.11963134,,0.11660701
1893M08,7.57896032,14.09118451,,0.11339159
1893M09,7.69682772,14.29278498,,0.11826983
1893M10,7.95931553,14.76339014,,0.11187904
1893M11,8.08249915,14.97604974,,0.10572393
1893M12,8.30093159,15.36574194,,0.10912087
1894M01,8.73262203,16.15020991,,0.11153574
1894M02,8.88993048,16.42786908,,0.10640945
1894M03,9.06896750,16.74644678,,0.11082145
1894M04,9.18553196,16.95025033,,0.11921531
1894M05,9.45258955,17.43205301,,0.11129761
1894M06,9.52090339,17.54752652,,0.12116136
1894M07,9.68582689,17.84120688,,0.10245320
1894M08,9.59972408,17.67266375,,0.13688919
1894M09,9.52726682,17.52950492,,0.13623849
1894M10,9.38555016,17.25909082,,0.12316504
1894M11,9.22354562,16.95149973,,0.12549532
1894M12,9.08754151,16.69167826,,0.11305272
1895M01,8.92821995,16.38886180,,0.11431075
1895M02,8.84927803,16.23305418,,0.12711976
1895M03,8.79414195,16.12032461,,0.11953892
1895M04,8.62460806,15.79751646,,0.12004279
1895M05,8.49470542,15.54714204,,0.12327286
1895M06,8.28795724,15.15615578,,0.12354718
1895M07,8.21449414,15.00899100,,0.13111433
1895M08,8.12607803,14.83453836,,0.13906123
1895M09,8.19980100,14.95600602,,0.12915515
1895M10,8.25840866,15.04972327,,0.13653798
1895M11,8.38630658,15.26957337,,0.13605252
1895M12,8.59600095,15.63811311,,0.13087704
1896M01,8.84732812,16.08209980,,0.13433500
1896M02,8.84404732,16.06336884,,0.12298448
1896M03,9.00001876,16.33404961,,0.12645833
1896M04,9.11869993,16.53697778,,0.11900221
1896M05,9.16544586,16.60946135,,0.12155875
1896M06,9.10533579,16.48848729,,0.12090286
1896M07,9.40289393,17.01499073,,0.11434500
1896M08,9.91169722,17.92273547,,0.11612903
1896M09,9.73259608,17.58612079,,0.11360832
1896M10,9.53606852,17.21840959,,0.11742482
1896M11,9.35714603,16.88281532,,0.11449766
1896M12,9.21872243,16.62048343,,0.12405813
1897M01,8.95385320,16.13043491,,0.10634780
1897M02,8.81941306,15.87600273,,0.12509611
1897M03,8.72495045,15.69396652,,0.12506112
1897M04,8.69140817,15.62182680,,0.15794834
1897M05,8.55576814,15.36657424,,0.12896994
1897M06,8.51311021,15.27875068,,0.12540191
1897M07,8.35879083,14.99099704,,0.12534927
1897M08,8.36060181,14.98368527,,0.12216635
1897M09,8.35751674,14.96786120,,0.12097510
1897M10,8.32847050,14.90586659,,0.12062104
1897M11,8.27364383,14.79813776,,0.12190507
1897M12,8.18247307,14.62589626,,0.12019530
1898M01,8.17124739,14.59700743,,0.11927125
1898M02,8.10254121,14.46559119,,0.13190993
1898M03,8.22956441,14.68357129,,0.11853012
1898M04,8.41268262,15.00127825,,0.11628301
1898M05,8.19200083,14.59890090,,0.12521588
1898M06,7.99924717,14.24661054,,0.11321809
1898M07,7.80361036,13.88942950,,0.11525319
1898M08,7.63558038,13.58155749,,0.11778930
1898M09,7.55310418,13.42585577,,0.12399246
1898M10,7.36713183,13.08615161,,0.12387585
1898M11,7.13979258,12.67306241,,0.12720632
1898M12,6.87349706,12.19098362,,0.12829611
1899M01,6.61618154,11.72499323,,0.12550634
1899M02,6.40975212,11.35006629,,0.12248803
1899M03,6.24263717,11.04555091,,0.12257382
1899M04,6.11285830,10.80782949,,0.11528827
1899M05,5.86232643,10.35749155,,0.12014714
1899M06,5.72458328,10.10733515,,0.12858715
1899M07,5.63819552,9.94859056,,0.13162182
1899M08,5.56211710,9.80874617,,0.12926645
1899M09,5.55028194,9.78287398,,0.13062283
1899M10,5.54014581,9.76067315,,0.13498280
1899M11,5.47995432,9.65105020,,0.13099540
1899M12,5.46096646,9.61479933,,0.13110622
1900M01,5.34224189,9.40379884,,0.13342061
1900M02,5.26789737,9.26917396,,0.13617402
1900M03,5.21516548,9.17084221,,0.13210541
1900M04,5.13296961,9.01900712,,0.14002691
1900M05,5.10807688,8.96615453,,0.12690383
1900M06,5.03950122,8.83491034,,0.12478284
1900M07,4.99887895,8.75100102,,0.12022864
1900M08,4.94350871,8.63958018,,0.12030671
1900M09,4.86680681,8.48930862,,0.11876309
1900M10,4.80374009,8.36130999,,0.11368968
1900M11,4.68575195,8.13641324,,0.11627838
1900M12,4.59546102,7.95849995,,0.11997179
1901M01,4.47189482,7.72197105,,0.12229578
1901M02,4.37794326,7.53816714,,0.12589064
1901M03,4.33251947,7.43911908,,0.13457726
1901M04,4.29527076,7.35504733,,0.13512805
1901M05,4.27895494,7.30764665,,0.14243165
1901M06,4.15487561,7.07744277,,0.13840444
1901M07,4.13550320,7.02683947,,0.14136197
1901M08,4.05428641,6.87221554,,0.14157901
1901M09,4.03170159,6.81805309,,0.14059190
1901M10,3.92953980,6.63047596,,0.13976338
1901M11,3.83597570,6.45880829,,0.13929988
1901M12,3.78153444,6.35421363,,0.13754222
1902M01,3.74103289,6.27404700,,0.13586245
1902M02,3.66393771,6.13352311,,0.13040216
1902M03,3.61735759,6.04508288,,0.13010548
1902M04,3.54073143,5.90740013,,0.13681069
1902M05,3.47638625,5.79118917,,0.12301604
1902M06,3.47150024,5.77480381,,0.12126444
1902M07,3.40132328,5.65058513,,0.12320490
1902M08,3.38406728,5.61507223,,0.12839750
1902M09,3.30837188,5.48337520,,0.12604836
1902M10,3.31378657,5.48683701,,0.12703154
1902M11,3.26698150,5.40450830,,0.13628020
1902M12,3.21452340,5.31357604,,0.13780138
1903M01,3.14527606,5.19564319,,0.13451364
1903M02,3.10519141,5.12629744,,0.13431145
1903M03,3.15538974,5.20636554,,0.13419761
1903M04,3.18794225,5.25769105,,0.13943793
1903M05,3.22307472,5.31370549,,0.13723569
1903M06,3.30656352,5.44987163,,0.13915134
1903M07,3.47222888,5.72187547,,0.14239203
1903M08,3.66704906,6.04231434,,0.14175219
1903M09,3.80629121,6.27158698,,0.14130718
1903M10,3.89040967,6.41042907,,0.11952796
1903M11,4.07954362,6.72266982,,0.11771690
1903M12,4.32103985,7.12154996,,0.11739042
1904M01,4.55718225,7.51194503,,0.12070871
1904M02,4.67675907,7.70942167,,0.13539858
1904M03,4.93068938,8.12764832,,0.12735180
1904M04,4.95865766,8.17270107,,0.12473826
1904M05,5.09405781,8.39415336,,0.13121695
1904M06,5.05696474,8.33072333,,0.13522645
1904M07,5.02863380,8.28116456,,0.12658661
1904M08,5.03526571,8.28858815,,0.12683888
1904M09,4.97959018,8.19283989,,0.11076250
1904M10,4.99522168,8.21374482,,0.12705095
1904M11,4.91647704,8.07874356,,0.13097062
1904M12,4.81050069,7.89832622,,0.12975467
1905M01,4.54106796,7.44905523,,0.13663889
1905M02,4.41901500,7.24256902,,0.13354910
1905M03,4.39431159,7.19628150,,0.12962713
1905M04,4.20447257,6.88029330,,0.13383134
1905M05,4.12905454,6.75231445,,0.12717249
1905M06,3.94535830,6.44800867,,0.13271994
1905M07,3.81532661,6.23217650,,0.12289168
1905M08,3.66441557,5.98295363,,0.12510330
1905M09,3.61182432,5.89490842,,0.12840751
1905M10,3.46880832,5.65993756,,0.13666985
1905M11,3.30675275,5.39460687,,0.13501627
1905M12,3.17959246,5.18689486,,0.13765390
1906M01,3.02570670,4.93627464,,0.13941783
1906M02,2.90515252,4.74005204,,0.14540795
1906M03,2.83341859,4.62351558,,0.14030408
1906M04,2.72482242,4.44686084,,0.13430677
1906M05,2.57334544,4.20024014,,0.13693522
1906M06,2.46353318,4.02163552,,0.13636396
1906M07,2.34285473,3.82530547,,0.14616747
1906M08,2.29446121,3.74702679,,0.14527464
1906M09,2.21780044,3.62262476,,0.15444871
1906M10,2.08057450,3.39929633,,0.14957213
1906M11,2.01906632,3.29967933,,0.15170960
1906M12,1.91926396,3.13748856,,0.15430303
1907M01,1.84719290,3.02062686,,0.14974725
1907M02,1.86827240,3.05250984,,0.14375421
1907M03,1.93804790,3.16017683,,0.14379036
1907M04,2.04714325,3.32828311,,0.14966890
1907M05,2.21589593,3.59005801,,0.14366353
1907M06,2.46926202,3.98583075,,0.13913496
1907M07,2.78140388,4.47365536,,0.14174060
1907M08,3.21469996,5.15364417,,0.14126945
1907M09,3.66117468,5.85241407,,0.13849469
1907M10,4.26177478,6.79548836,,0.13878587
1907M11,5.01519161,7.97990804,,0.12310973
1907M12,5.51994069,8.76740460,,0.11287598
1908M01,6.12333891,9.71134996,,0.12097475
1908M02,6.61743352,10.48216160,,0.12355618
1908M03,7.27582971,11.51276089,,0.12780540
1908M04,7.51885308,11.88555269,,0.13061661
1908M05,7.78258796,12.29073970,,0.13863999
1908M06,8.07095848,12.73402209,,0.13941323
1908M07,8.06950949,12.71924004,,0.13248952
1908M08,7.92781665,12.48292751,,0.12917907
1908M09,7.87741405,12.38964112,,0.13262961
1908M10,7.74974742,12.17373109,,0.13366353
1908M11,7.41298305,11.62843767,,0.15005783
1908M12,7.09352768,11.10943564,,0.14420774
1909M01,6.77223674,10.58624696,,0.13894550
1909M02,6.36910561,9.93772171,,0.14220587
1909M03,6.08317976,9.47479136,,0.14118710
1909M04,5.94751207,9.24810568,,0.13937708
1909M05,5.65113507,8.77399706,,0.14296708
1909M06,5.54131737,8.59209603,,0.14590659
1909M07,5.33078886,8.25652199,,0.14478073
1909M08,5.23253636,8.09734683,,0.13669263
1909M09,5.17776675,8.00776598,,0.14549808
1909M10,5.23118743,8.08771667,,0.14808033
1909M11,5.18227108,8.01167569,,0.15428552
1909M12,5.28096289,8.16601404,,0.14938640
1910M01,5.31369335,8.22049123,,0.15360670
1910M02,5.32799316,8.24384074,,0.15013785
1910M03,5.42138207,8.38709181,,0.14672006
1910M04,5.51048132,8.52131521,,0.13839483
1910M05,5.65401775,8.73736665,,0.13434428
1910M06,5.83997739,9.01656420,,0.13351530
1910M07,5.94393772,9.16684936,,0.13217841
1910M08,6.00653233,9.25136693,,0.14211121
1910M09,6.07326464,9.34054402,,0.13766711
1910M10,6.24772380,9.59360795,,0.14113054
1910M11,6.46752385,9.91423226,,0.13992022
1910M12,6.51347262,9.96672965,,0.13597275
1911M01,6.65444358,10.16338030,,0.13983647
1911M02,6.95460093,10.60472955,,0.13956968
1911M03,7.00464488,10.66624593,,0.14010091
1911M04,7.16067240,10.89078768,,0.15169040
1911M05,7.05637750,10.72108211,,0.14657627
1911M06,7.10410434,10.78397706,,0.14343835
1911M07,7.22411609,10.95777303,,0.14775757
1911M08,7.14441611,10.82987428,,0.14218853
1911M09,7.17760434,10.87433114,,0.14275182
1911M10,7.03289267,10.65047728,,0.14627467
1911M11,6.89744873,10.44190810,,0.14368910
1911M12,6.82867842,10.33543353,,0.14363366
1912M01,6.58876151,9.97109747,,0.14214648
1912M02,6.39630474,9.67895551,,0.14394380
1912M03,6.32084777,9.56420922,,0.14279075
1912M04,6.01779118,9.10544056,,0.13573974
1912M05,5.95322731,9.00788955,,0.13397006
1912M06,5.79044567,8.76208552,,0.13922794
1912M07,5.66842065,8.57831329,,0.14561779
1912M08,5.69715812,8.62309566,,0.14579148
1912M09,5.60049899,8.47850567,,0.14177618
1912M10,5.54075177,8.39021000,,0.14470780
1912M11,5.45610183,8.26462939,,0.14813001
1912M12,5.28969046,8.01556816,,0.15210890
1913M01,5.26340166,7.97922458,,0.15640647
1913M02,5.13893517,7.79127523,,0.15074340
1913M03,5.21761642,7.90851677,,0.14733253
1913M04,5.28627516,8.00759045,,0.15053908
1913M05,5.37530061,8.13445299,,0.14986952
1913M06,5.52922031,8.35634151,,0.15623587
1913M07,5.67780511,8.56694506,,0.15083576
1913M08,5.83481030,8.78720496,,0.15779814
1913M09,5.98286962,8.99123961,,0.16289836
1913M10,6.14925394,9.22040818,,0.15436931
1913M11,6.56564645,9.82151140,,0.15488424
1913M12,6.85886523,10.23528927,,0.15387615
1914M01,7.11651934,10.59389828,,0.13955630
1914M02,7.29879523,10.84344667,,0.14433692
1914M03,7.60092560,11.27367418,,0.14797643
1914M04,7.87555275,11.66527094,,0.15485753
1914M05,8.33137919,12.32707901,,0.14624217
1914M06,8.33898362,12.32791464,,0.13852889
1914M07,8.67877127,12.82211867,,0.14186953
1914M08,8.85974559,13.08380282,,0.12482134
1914M09,9.23166754,13.62967450,,0.13143800
1914M10,9.37139376,13.83510950,,0.11950703
1914M11,9.45351330,13.95803886,,0.11455546
1914M12,9.72275282,14.35997192,,0.11294715
1915M01,9.63993792,14.24481304,,0.11502847
1915M02,9.51511678,14.06596389,,0.12494806
1915M03,9.43639316,13.95369358,,0.13294817
1915M04,9.35845875,13.84106412,,0.13330755
1915M05,9.28010096,13.72627180,,0.13300880
1915M06,9.32465985,13.79170817,,0.12488014
1915M07,9.31923700,13.78151589,,0.13236723
1915M08,9.08405204,13.42978922,,0.13393054
1915M09,9.02145124,13.33138133,,0.13934594
1915M10,8.62443506,12.73698744,,0.14681771
1915M11,8.12208052,11.98562683,,0.15728258
1915M12,7.75407672,11.43118471,,0.16782681
1916M01,7.53882162,11.10014311,,0.17627324
1916M02,7.13034362,10.48620878,,0.17038768
1916M03,6.97304787,10.24329427,,0.16217516
1916M04,6.80287511,9.98284743,,0.15472467
1916M05,6.60971396,9.69027149,,0.15982575
1916M06,6.48299569,9.49679643,,0.16446295
1916M07,6.31022827,9.23766692,,0.14681331
1916M08,6.21764634,9.09779875,,0.15627281
1916M09,6.12352351,8.95759290,,0.14393365
1916M10,5.95224563,8.70651336,,0.15699424
1916M11,5.83521043,8.53671621,,0.15188809
1916M12,5.78334797,8.46415035,,0.15510240
1917M01,5.79565623,8.48739854,,0.17018119
1917M02,5.80651674,8.50829881,,0.13011907
1917M03,5.86266671,8.59546275,,0.14083823
1917M04,5.78658785,8.48867967,,0.14690798
1917M05,5.78151893,8.48603407,,0.14851977
1917M06,5.59476353,8.21669583,,0.15952978
1917M07,5.42176749,7.96753357,,0.13904187
1917M08,5.16853247,7.60050593,,0.15948966
1917M09,4.81742118,7.08958723,,0.15244173
1917M10,4.49373463,6.61919807,,0.15104329
1917M11,4.06941471,6.00092302,,0.14695296
1917M12,3.56141954,5.25968251,,0.14285845
1918M01,2.94248704,4.35509884,,0.13561222
1918M02,2.32870103,3.45679503,,0.13772878
1918M03,1.86757979,2.78348669,,0.13605786
1918M04,1.49396198,2.23907164,,0.14603622
1918M05,1.12886100,1.70478418,,0.17176680
1918M06,0.88146136,1.34451521,,0.15938799
1918M07,0.70650304,1.09026162,,0.17787534
1918M08,0.61414041,0.95749022,,0.15907651
1918M09,0.59092511,0.92489232,,0.17329858
1918M10,0.63868700,0.99516765,,0.17025905
1918M11,0.73983683,1.14182906,,0.15821596
1918M12,0.94685540,1.44660753,,0.15678530
1919M01,1.25081455,1.89449945,6.11332014,0.16643489
1919M02,1.58284725,2.38389482,5.11955442,0.16564424
1919M03,1.74794927,2.62160860,4.87035154,0.16442524
1919M04,2.00463372,2.99655964,5.23657383,0.16742329
1919M05,2.10064114,3.13110643,5.99201660,0.16789795
1919M06,2.19923674,3.26967889,7.09656740,0.17700535
1919M07,2.32673433,3.45101238,6.56124911,0.18164596
1919M08,2.38886063,3.53510310,7.08167067,0.18283342
1919M09,2.66739007,3.93850208,6.98035563,0.17737847
1919M10,2.99278556,4.40909831,7.44273454,0.17300591
1919M11,3.22800956,4.74471859,7.99615946,0.16589012
1919M12,3.59009718,5.26421771,8.70367884,0.16128315
1920M01,3.63400831,5.31482519,9.17772565,0.17205274
1920M02,3.83045575,5.58826557,10.35014142,0.16745556
1920M03,3.92495406,5.71301489,8.68846165,0.15899510
1920M04,4.27912587,6.21575587,8.37034848,0.14826584
1920M05,4.54856988,6.59539308,7.53338635,0.15306808
1920M06,4.55119823,6.58934498,7.12099222,0.15411500
1920M07,5.28423402,7.64129798,6.55673440,0.15158092
1920M08,5.44720156,7.86937281,7.12720640,0.15452604
1920M09,5.39598645,7.78966006,6.01011985,0.15309432
1920M10,5.88687506,8.49368783,4.94933860,0.15165205
1920M11,6.98365395,10.07230011,3.78143981,0.14902570
1920M12,8.15373685,11.75708162,3.55522560,0.15181778
1921M01,9.05158268,13.05023740,3.26289726,0.15969801
1921M02,9.58880718,13.82353485,3.20209942,0.15763084
1921M03,10.70111002,15.42591942,3.26248693,0.15740131
1921M04,11.20844975,16.15626534,2.99485462,0.16083769
1921M05,11.36069890,16.37487356,2.96156658,0.16800914
1921M06,11.57058633,16.67666151,2.84468967,0.16981777
1921M07,11.75519076,16.94209001,2.94622832,0.17073397
1921M08,12.78266528,18.42232817,2.61017293,0.17563639
1921M09,12.37321862,17.83173325,2.61597740,0.17335937
1921M10,12.91800976,18.61640812,2.74786628,0.17826706
1921M11,11.78916239,16.98924665,2.90776895,0.17139850
1921M12,10.86051832,15.65070173,3.08387158,0.16543135
1922M01,12.03282967,17.33980178,3.04281036,0.16567599
1922M02,11.35646692,16.36463965,2.83343239,0.16668658
1922M03,10.93842277,15.76152723,2.83809561,0.17246566
1922M04,9.56350108,13.77951236,3.14571800,0.16334603
1922M05,8.20709752,11.82422181,3.34061015,0.16485914
1922M06,8.50821723,12.25687706,3.71247764,0.16739990
1922M07,8.16504435,11.76111458,4.21037572,0.16254286
1922M08,7.78378495,11.21031438,4.47330876,0.15558277
1922M09,7.09168203,10.21171808,4.47778464,0.16163949
1922M10,6.61599743,9.52465983,4.86369500,0.16707787
1922M11,6.41592099,9.23409400,4.75434354,0.17115140
1922M12,6.04103504,8.69151924,4.86426927,0.17284388
1923M01,5.45628739,7.84666799,4.98937673,0.16730036
1923M02,4.84064228,6.95753961,5.32106258,0.16841922
1923M03,4.54473519,6.52806338,5.51926159,0.17261362
1923M04,4.14718059,5.95266429,5.71739838,0.17531682
1923M05,3.96285227,5.68348148,6.11952821,0.17770444
1923M06,3.81986120,5.47370213,5.54540071,0.17568353
1923M07,3.90698539,5.59373924,4.92060793,0.17582012
1923M08,3.99972869,5.72198526,4.46035335,0.17584626
1923M09,3.94487158,5.63979648,4.54549515,0.17512844
1923M10,4.21746397,6.02661977,4.21584706,0.17800274
1923M11,4.36163096,6.23091361,3.99579860,0.18105168
1923M12,4.63776049,6.62482675,3.78860338,0.18053037
1924M01,4.74182745,6.77398933,3.58211560,0.18756306
1924M02,4.86608676,6.95143832,3.60545864,0.19209251
1924M03,5.01016005,7.15672970,3.47670282,0.19061989
1924M04,5.21808965,7.45281388,3.60746398,0.18679830
1924M05,5.42435771,7.74610790,3.06371444,0.18394808
1924M06,5.36978748,7.66657908,2.66216142,0.18008851
1924M07,5.24220119,7.48260217,2.76623106,0.18090195
1924M08,5.48380119,7.82532074,2.84850572,0.18562148
1924M09,5.77726272,8.24158985,2.78473480,0.18845865
1924M10,5.66048433,8.07230065,2.88578508,0.18920618
1924M11,5.44670348,7.76460557,3.11286672,0.18966521
1924M12,5.23923799,7.46592281,3.24249957,0.18750425
1925M01,5.25480587,7.48496818,3.23750313,0.18706359
1925M02,5.02380497,7.15342672,3.28833721,0.18483515
1925M03,5.19043314,7.38853611,3.25565010,0.18272214
1925M04,5.50709948,7.83744888,3.22798325,0.18167703
1925M05,5.21999546,7.42749210,2.94751277,0.17949060
1925M06,4.73245224,6.73286391,3.35034662,0.17652654
1925M07,4.57682087,6.51085819,3.50830336,0.17931392
1925M08,4.50024457,6.40162894,3.48144797,0.17524294
1925M09,4.33167593,6.16184876,3.83811661,0.17231424
1925M10,4.14068314,5.89047411,4.08706075,0.17799206
1925M11,3.98797398,5.67386729,3.97884864,0.18105346
1925M12,3.69401036,5.25658680,3.80265604,0.18365245
1926M01,3.38646555,4.82023122,3.79872124,0.18113135
1926M02,3.16083035,4.49968211,3.37180909,0.18272260
1926M03,3.05856007,4.35401551,3.75426742,0.18557317
1926M04,2.93023682,4.17053720,3.74793398,0.18597728
1926M05,2.68533658,3.82056095,4.02820028,0.18514954
1926M06,2.52799496,3.59481109,3.69276097,0.18691820
1926M07,2.56826860,3.64970466,3.68144012,0.18831941
1926M08,2.66717171,3.78743285,3.78649415,0.18974451
1926M09,2.72613429,3.86804966,3.79543916,0.19188563
1926M10,2.94796519,4.17934392,3.64965395,0.19208393
1926M11,3.10035569,4.39178165,3.36446476,0.19198149
1926M12,3.04068018,4.30384917,3.14079442,0.19180434
1927M01,3.10296983,4.38877977,3.03275803,0.19145207
1927M02,3.20424893,4.52908909,2.76792176,0.19259960
1927M03,3.39549035,4.79661916,2.98512631,0.19419202
1927M04,3.50090761,4.94293397,2.85668182,0.18935757
1927M05,3.79487415,5.35539455,2.83958277,0.19020994
1927M06,4.13443426,5.83196314,2.74588026,0.18835262
1927M07,4.21315369,5.94048729,2.68908361,0.18597608
1927M08,4.23060644,5.96269630,2.62055948,0.18629446
1927M09,4.18294604,5.89325225,2.54542599,0.18342126
1927M10,4.26288294,6.00364358,2.55270467,0.18019528
1927M11,4.33279450,6.09990480,2.52128877,0.18029422
1927M12,4.44469126,6.25523611,2.57400402,0.18101773
1928M01,4.70828067,6.62390788,2.53742453,0.18362166
1928M02,4.67638950,6.57703186,2.54776667,0.18472277
1928M03,4.66459625,6.55864925,2.46950550,0.18564962
1928M04,4.73017704,6.64920510,2.43465236,0.18525550
1928M05,5.03488285,7.07591302,2.50315374,0.18611572
1928M06,5.24501588,7.36967184,2.60359648,0.18591691
1928M07,5.09203434,7.15330928,2.87314495,0.18644280
1928M08,4.95345728,6.95733298,2.63919422,0.18856496
1928M09,4.82499884,6.77568182,2.75534539,0.18887917
1928M10,4.55855169,6.40037187,2.58324335,0.19045270
1928M11,4.30222315,6.03938706,2.62223352,0.19112451
1928M12,4.08939252,5.73953804,2.72572453,0.19261706
1929M01,3.82280972,5.36429100,2.78054202,0.19206710
1929M02,3.46395138,4.85963259,2.58606561,0.18972586
1929M03,3.45249698,4.84235649,2.62047374,0.18933771
1929M04,3.21633044,4.50989444,2.69434790,0.19056819
1929M05,2.92043486,4.09380254,2.61929143,0.19359189
1929M06,2.85388851,3.99929001,2.56896277,0.19471714
1929M07,2.65753640,3.72296221,2.63543091,0.19575962
1929M08,2.61746408,3.66568936,2.47032080,0.19590298
1929M09,2.59564838,3.63409715,2.84121945,0.19805408
1929M10,2.50734174,3.50962208,2.58488355,0.19768455
1929M11,2.29706396,3.21474024,2.16515042,0.19361128
1929M12,2.27503356,3.18362188,2.02739050,0.19224834
1930M01,2.44266225,2.67573888,1.70919366,0.19613330
1930M02,3.75799203,4.40084312,1.73179189,0.19887722
1930M03,4.70129858,5.78928263,1.64747620,0.19814013
1930M04,4.95285568,6.34019158,1.64080650,0.19792220
1930M05,4.90389272,6.47367029,1.57129921,0.19721762
1930M06,5.68534341,7.69571455,1.50635839,0.19505511
1930M07,7.82702087,10.81448271,1.40997076,0.19132531
1930M08,10.60075762,14.88932104,1.40800574,0.19272469
1930M09,12.58549253,17.89781117,1.33109190,0.19094868
1930M10,14.53581632,20.84990946,1.28524412,0.18791402
1930M11,17.09983590,24.64270525,1.30664044,0.18556907
1930M12,18.18703211,26.21032933,1.26727736,0.18371115
1931M01,16.10260958,23.07429036,1.28030131,0.18499902
1931M02,15.84618253,22.57136389,1.32017465,0.18877336
1931M03,15.10857630,21.38788228,1.32632389,0.19368638
1931M04,14.50099385,20.39850833,1.27587267,0.19615701
1931M05,14.19094259,19.83638113,1.19269812,0.19522948
1931M06,14.32879729,19.90555494,1.12569489,0.19593940
1931M07,14.60522285,20.17183025,1.13996412,0.19656241
1931M08,15.28834045,21.00613530,1.09672865,0.19548414
1931M09,15.68750329,21.46376607,0.99860828,0.19193578
1931M10,16.30038464,22.23626530,0.94713096,0.19220859
1931M11,17.33224352,23.60964766,1.04201468,0.19427116
1931M12,18.50820310,25.21837448,1.04133429,0.19551386
1932M01,17.75417601,24.24113830,0.96114368,0.19400205
1932M02,18.60514419,25.45669939,0.98460953,0.19021389
1932M03,19.93134594,27.33040346,0.91222193,0.19160082
1932M04,21.36208314,29.35794612,0.79454136,0.18385378
1932M05,22.81637124,31.42990450,0.78747906,0.18215312
1932M06,24.29135276,33.54400690,0.79129464,0.17872758
1932M07,25.12677483,34.78813102,0.75739277,0.17657985
1932M08,25.53773287,35.45553653,0.76439978,0.17785946
1932M09,25.20717665,35.10121182,0.77864748,0.17968729
1932M10,24.94344629,34.84589478,0.83891400,0.17659411
1932M11,24.48491449,34.32471216,0.78878104,0.16900526
1932M12,24.61948158,34.64441503,0.77745114,0.16157622
1933M01,22.73101809,32.11997745,0.78217271,0.15392452
1933M02,22.61536334,32.08409970,0.75539954,0.15180175
1933M03,23.46956745,33.42230498,0.61968620,0.14738236
1933M04,23.23072691,33.19976217,0.75529739,0.15231487
1933M05,23.00205812,32.98094843,0.77460305,0.16735471
1933M06,22.23478219,31.97607728,0.85251032,0.17892390
1933M07,20.94669393,30.20426876,0.86103501,0.18389409
1933M08,19.54927839,28.25578406,0.88953851,0.17063673
1933M09,18.56623694,26.88988760,0.79590430,0.15953214
1933M10,18.26765517,26.50337369,0.82718308,0.15404189
1933M11,18.21313381,26.46167765,0.81822694,0.15057789
1933M12,17.97348566,26.14183825,0.81239769,0.15756995
1934M01,16.01593979,23.31217008,0.88302398,0.16666929
1934M02,15.23229257,22.18658429,0.87677627,0.17104742
1934M03,14.29171649,20.82927799,0.84845298,0.17645672
1934M04,14.13696328,20.61493844,0.87881256,0.17625770
1934M05,14.40110523,21.01016226,0.88763604,0.18030222
1934M06,15.01577351,21.91592835,0.80743767,0.18012195
1934M07,15.94714495,23.28323060,0.80647972,0.17226971
1934M08,17.20433905,25.12545948,0.77454457,0.17319111
1934M09,18.26214322,26.67524892,0.77752174,0.17409307
1934M10,18.29738795,26.72941174,0.78228236,0.17562397
1934M11,18.20107671,26.58910944,0.81456294,0.17583777
1934M12,17.39411726,25.40847842,0.85220070,0.18137756
1935M01,15.23453287,22.25050637,0.83659349,0.18829391
1935M02,14.89969620,21.76379215,0.83716918,0.18597297
1935M03,14.89363684,21.76277754,0.87333827,0.18181390
1935M04,14.83287619,21.68739019,0.87042122,0.17659472
1935M05,14.91920038,21.83286873,0.83808528,0.17636946
1935M06,15.09766646,22.11969532,0.87034208,0.17949164
1935M07,14.58859021,21.40502586,0.90641419,0.17797370
1935M08,14.44000745,21.22447185,0.89266134,0.18220918
1935M09,14.73255410,21.69992935,0.99339980,0.18525341
1935M10,13.71827654,20.25586437,0.98382134,0.18700050
1935M11,12.94267924,19.16523665,0.99846691,0.18847809
1935M12,12.38028352,18.39244162,1.03054069,0.19065608
1936M01,10.98310546,16.37759579,0.98102450,0.18870462
1936M02,10.84514247,16.22061356,1.00765500,0.18705804
1936M03,10.48010229,15.70932665,1.19086563,0.19036834
1936M04,10.82459141,16.24777534,1.14362079,0.20041425
1936M05,10.09672786,15.16149969,1.25396526,0.20167698
1936M06,10.16015939,15.24895899,1.27592938,0.20303624
1936M07,9.73336926,14.58714117,1.26068105,0.20507799
1936M08,9.21621584,13.77959986,1.29643870,0.20696902
1936M09,9.17104166,13.66856568,1.31849953,0.20862152
1936M10,9.61150296,14.26862777,1.29700805,0.20728010
1936M11,9.34283777,13.80496034,1.36391324,0.20871680
1936M12,9.17520363,13.48533517,1.34293006,0.20848424
1937M01,8.87344673,12.96572928,1.34676157,0.20474618
1937M02,8.93277055,12.98908647,1.33473917,0.20048408
1937M03,8.85384285,12.82334423,1.33516809,0.19987631
1937M04,9.03143036,13.03939729,1.38111438,0.19585769
1937M05,8.61365190,12.40672848,1.39034488,0.19356586
1937M06,8.84992795,12.72581842,1.32931710,0.19146370
1937M07,8.44363142,12.12990265,1.17117151,0.19356683
1937M08,8.55063133,12.27996474,1.24135353,0.19577306
1937M09,8.87486357,12.75047597,1.24066992,0.19529667
1937M10,9.21831291,13.25856179,1.09528264,0.18579145
1937M11,10.23115523,14.74321049,0.93072170,0.17876074
1937M12,11.68633519,16.88778017,0.82329183,0.17540308
1938M01,12.13576109,17.60713804,0.84841533,0.18373087
1938M02,12.60652934,18.35630489,0.82347401,0.18645778
1938M03,12.81335828,18.71665496,0.80487472,0.19213424
1938M04,12.94552680,18.96009272,0.77373989,0.19484621
1938M05,13.31438956,19.54127714,0.75060840,0.19563309
1938M06,13.36375840,19.64264553,0.74015969,0.20133232
1938M07,12.99930892,19.12246780,0.79668553,0.21363663
1938M08,12.68956782,18.66954082,0.81250665,0.21880202
1938M09,12.29901759,18.08563206,0.80594319,0.22073677
1938M10,12.07528618,17.73618229,0.84647973,0.22184035
1938M11,11.41695707,16.73964526,0.88212867,0.22348617
1938M12,10.98053896,16.06241849,0.85996797,0.21748872
1939M01,11.93809961,17.41384343,0.87139477,0.21157599
1939M02,11.91429062,17.33426067,0.84891596,0.20749621
1939M03,11.82840372,17.16873941,0.89436429,0.20297827
1939M04,12.02644272,17.41866187,0.88353968,0.20019170
1939M05,11.72794866,16.95317081,0.86384677,0.19491637
1939M06,11.32637071,16.34369741,0.90521992,0.19523527
1939M07,11.25503140,16.21474256,0.90217208,0.19958842
1939M08,10.97281764,15.78538473,0.89435804,0.19908572
1939M09,10.55118444,15.15925416,0.90531857,0.20717357
1939M10,10.69076107,15.34216655,1.01860677,0.21392711
1939M11,10.64200993,15.25685412,0.97901315,0.21887130
1939M12,10.36663946,14.84922428,0.98970041,0.21894150
1940M01,10.51314240,15.04812669,1.00787427,0.21687223
1940M02,10.52298343,15.05028816,1.03474079,0.20991677
1940M03,10.01306473,14.30869706,0.95222594,0.20478810
1940M04,10.45636148,14.92836413,0.93026727,0.21008149
1940M05,10.16491210,14.49784577,0.94969733,0.21499644
1940M06,8.70677610,12.40494794,0.97376349,0.22111438
1940M07,9.11133526,12.96669806,0.93901568,0.22389040
1940M08,9.57386594,13.60864626,0.94710502,0.22126422
1940M09,8.47139091,12.02627365,1.11334931,0.22138883
1940M10,9.31702516,13.20908822,1.08183295,0.21998462
1940M11,8.92851581,12.64042605,1.11572137,0.22056644
1940M12,8.34062668,11.79059801,1.20829939,0.22225837
1941M01,7.48972305,10.57124595,1.29167799,0.22333379
1941M02,7.19056159,10.13305226,1.37046481,0.22521695
1941M03,7.23667130,10.18190011,1.41969972,0.22865001
1941M04,7.43454927,10.44370364,1.54091160,0.22520476
1941M05,6.60291927,9.26073288,1.61711461,0.22924079
1941M06,5.93910827,8.31650530,1.71511787,0.22699980
1941M07,5.54206107,7.74824040,1.77413082,0.22604408
1941M08,5.73397304,8.00391880,1.75470775,0.22615737
1941M09,5.41276560,7.54373494,1.74680000,0.22479251
1941M10,4.69247287,6.52973000,1.67103797,0.22675441
1941M11,4.43791692,6.16602609,1.70664040,0.22846948
1941M12,4.16727776,5.78120961,1.77202642,0.23304563
1942M01,4.23034792,5.85990375,1.81803535,0.23862425
1942M02,4.08804445,5.65548993,1.89197973,0.24346132
1942M03,3.91597258,5.41166491,2.07698445,0.24487123
1942M04,3.61897181,4.99699353,2.29152620,0.23640963
1942M05,3.18192235,4.39070393,2.37096897,0.23484861
1942M06,3.02269239,4.16903719,2.36887230,0.23413022
1942M07,2.94922218,4.06644322,2.51744705,0.23697972
1942M08,2.62947267,3.62495152,2.95381408,0.24138349
1942M09,2.36993610,3.26697335,3.41988441,0.24433965
1942M10,2.43084359,3.35104676,3.61329789,0.24961704
1942M11,2.43322113,3.35470540,3.95496711,0.25295116
1942M12,2.32935283,3.21208650,3.84791427,0.25497425
1943M01,2.01415520,2.77809984,4.05653276,0.25308003
1943M02,2.05419268,2.83368875,4.47506336,0.25600325
1943M03,1.80060651,2.48395839,4.64962905,0.25439113
1943M04,1.76320964,2.43226833,4.70012562,0.25459338
1943M05,1.69884160,2.34322242,4.77518287,0.25461805
1943M06,1.97822724,2.72812396,4.83680569,0.25022562
1943M07,2.08696760,2.87741223,4.96516809,0.25603757
1943M08,1.77142192,2.44161580,5.12907991,0.26000058
1943M09,1.69116902,2.33016730,4.95584297,0.26565452
1943M10,1.61548793,2.22497766,4.98588230,0.26690626
1943M11,1.40486705,1.93400189,5.02044373,0.26828588
1943M12,1.36085359,1.87246342,5.46284477,0.26515917
1944M01,1.36480294,1.87686316,5.48236883,0.26743128
1944M02,1.19560269,1.64343595,5.81947465,0.26991931
1944M03,1.28891823,1.77105164,5.80411734,0.27138099
1944M04,1.23944862,1.70260295,5.76628712,0.27363408
1944M05,1.44326399,1.98219709,6.33186307,0.27345566
1944M06,1.46321582,2.00941085,6.37991714,0.27436790
1944M07,1.43135954,1.96567654,5.09473395,0.27627379
1944M08,1.21617297,1.67033855,5.29695781,0.28252873
1944M09,1.20334298,1.65303175,5.49888524,0.28473280
1944M10,0.91760661,1.26086252,6.25437074,0.28832836
1944M11,0.99500442,1.36767951,6.59708189,0.28959617
1944M12,1.00126119,1.37684948,6.90324215,0.29202218
1945M01,1.04682126,1.44020360,6.85267705,0.29189484
1945M02,1.09193666,1.50268364,6.68523824,0.29489937
1945M03,1.05753632,1.45540860,6.57043495,0.29793883
1945M04,1.00369945,1.38106811,6.65182656,0.29957033
1945M05,1.02865610,1.41484501,6.48605903,0.29684608
1945M06,1.43370793,1.97073360,6.56592917,0.29611802
1945M07,1.49523287,2.05336139,7.14761957,0.29618767
1945M08,1.45945770,2.00165525,6.22622890,0.27246138
1945M09,3.27115856,4.47911947,5.45972206,0.26582331
1945M10,3.18892823,4.35611386,5.19149299,0.25779351
1945M11,3.36451777,4.58152863,5.13949419,0.26828127
1945M12,3.71834715,5.04327884,4.94280705,0.27279278
1946M01,3.73800662,5.04514072,4.87522340,0.25606778
1946M02,3.73218732,5.01302483,4.47296316,0.25095008
1946M03,3.97486892,5.31394833,4.66779809,0.27250254
1946M04,3.70177583,4.92655645,4.70628432,0.26449178
1946M05,4.07808464,5.40409550,4.18189066,0.25305078
1946M06,3.89460107,5.14022983,4.66260770,0.26656850
1946M07,3.48162774,4.57808153,4.89948280,0.27285436
1946M08,3.73383680,4.89290038,4.57773441,0.27896015
1946M09,4.05539933,5.29778430,4.50474445,0.28117498
1946M10,4.18059604,5.44626317,4.33318772,0.28324525
1946M11,4.24498538,5.51682220,4.22194043,0.28006257
1946M12,4.58403031,5.94515276,4.10141028,0.27860003
1947M01,4.20811677,5.44825998,4.04939230,0.29918717
1947M02,4.03519590,5.21663567,4.08738009,0.26591250
1947M03,4.14518619,5.35193943,3.95688715,0.25828033
1947M04,4.78630296,6.17283822,3.81119662,0.27422456
1947M05,4.32296134,5.57004751,3.76894331,0.28292987
1947M06,4.58318491,5.90065352,3.64033508,0.28152557
1947M07,4.68317799,6.02543132,3.55290038,0.27180276
1947M08,4.63059633,5.95463412,3.69689852,0.26798318
1947M09,4.54538431,5.84266761,4.25243872,0.26940406
1947M10,4.55086033,5.84796348,3.95952404,0.27640414
1947M11,4.25155600,5.46230495,3.84660656,0.28328081
1947M12,4.17747698,5.36662420,3.78843587,0.28508505
1948M01,3.40000000,4.94986859,3.56102246,0.28503419
1948M02,3.80000000,5.64363636,3.50398153,0.28524427
1948M03,4.00000000,5.78671877,3.32727569,0.27947153
1948M04,3.90000000,5.80351714,3.31644844,0.28054029
1948M05,3.50000000,5.13678696,3.39944084,0.28125791
1948M06,3.60000000,5.33352605,3.31820291,0.28300180
1948M07,3.60000000,5.31983942,3.27927955,0.28242689
1948M08,3.90000000,5.63076554,3.21546185,0.28161654
1948M09,3.80000000,5.50823124,3.40525698,0.27916657
1948M10,3.70000000,5.41973561,3.07225011,0.28226222
1948M11,3.80000000,5.49146840,2.92446483,0.28049570
1948M12,4.00000000,5.84315612,2.67498608,0.28102208
1949M01,4.30000000,6.27462355,2.53377106,0.28346634
1949M02,4.70000000,6.87234658,2.22077294,0.28451010
1949M03,5.00000000,7.32715885,2.23192171,0.28363356
1949M04,5.30000000,7.84747966,2.13989485,0.28483244
1949M05,6.10000000,8.88393606,2.10458439,0.28483842
1949M06,6.20000000,9.08587791,2.04263553,0.28751914
1949M07,6.70000000,9.86371707,1.91236762,0.28951817
1949M08,6.80000000,10.02390629,1.83215710,0.29191926
1949M09,6.60000000,9.67664842,1.75228463,0.29273256
1949M10,7.90000000,11.73381707,1.65259875,0.28625564
1949M11,6.40000000,9.67765373,1.62744035,0.29048634
1949M12,6.60000000,9.76025752,1.63281529,0.29355802
1950M01,6.50000000,9.67323402,1.85080336,0.29941571
1950M02,6.40000000,9.52842064,1.90018158,0.30130903
1950M03,6.30000000,9.28383234,1.92774418,0.30389526
1950M04,5.80000000,8.54098478,2.00758039,0.30537444
1950M05,5.50000000,8.15502624,2.05607790,0.30500930
1950M06,5.40000000,7.93561008,2.20554365,0.30773627
1950M07,5.00000000,7.34394125,2.37442330,0.31314198
1950M08,4.50000000,6.53971963,2.66938707,0.31660679
1950M09,4.40000000,6.45296362,2.63516521,0.31267123
1950M10,4.20000000,6.09218344,2.80966372,0.31346082
1950M11,4.20000000,6.00626377,2.86099298,0.31303988
1950M12,4.30000000,6.11162575,2.93925826,0.31864930
1951M01,3.70000000,5.33058902,3.22820887,0.31661081
1951M02,3.40000000,4.88779091,3.31764460,0.31619991
1951M03,3.40000000,4.87541871,3.43785581,0.31479928
1951M04,3.10000000,4.42941557,3.39691319,0.31442840
1951M05,3.00000000,4.27728614,3.46456341,0.31384549
1951M06,3.20000000,4.57946929,3.32642129,0.31615611
1951M07,3.10000000,4.48543957,3.38061395,0.31813442
1951M08,3.10000000,4.45155793,3.39038562,0.31916038
1951M09,3.30000000,4.75500345,3.31753720,0.32297520
1951M10,3.50000000,5.02911108,3.37528793,0.32055472
1951M11,3.50000000,4.98398169,3.38562922,0.32093289
1951M12,3.10000000,4.49737271,3.36161535,0.32091239
1952M01,3.20000000,4.51454866,3.52310249,0.32265947
1952M02,3.10000000,4.46508020,3.44374906,0.32337823
1952M03,2.90000000,4.15301798,3.40170137,0.32569229
1952M04,2.90000000,4.13800983,3.48275069,0.32396600
1952M05,3.00000000,4.25206555,3.38322876,0.32113758
1952M06,3.00000000,4.33522021,3.38077726,0.31924642
1952M07,3.20000000,4.58776902,3.46914839,0.31181999
1952M08,3.40000000,4.71191186,3.47391393,0.32209644
1952M09,3.10000000,4.34850969,3.68176920,0.32746357
1952M10,3.00000000,4.12137783,3.87197533,0.32621185
1952M11,2.80000000,3.89427588,3.83975585,0.32926197
1952M12,2.70000000,3.71302566,3.83178459,0.32912618
1953M01,2.90000000,4.06948440,3.70357699,0.33016187
1953M02,2.60000000,3.62123157,3.69885423,0.33084978
1953M03,2.60000000,3.63271428,3.92648267,0.33201835
1953M04,2.70000000,3.79640851,3.87780242,0.33238518
1953M05,2.50000000,3.51774300,3.75231527,0.33201337
1953M06,2.50000000,3.54003745,3.56712013,0.32908144
1953M07,2.60000000,3.65051789,3.40890579,0.33139242
1953M08,2.70000000,3.66756245,3.26282234,0.33076518
1953M09,2.90000000,4.00774699,3.18775784,0.32751240
1953M10,3.10000000,4.34304321,2.86259305,0.33051879
1953M11,3.50000000,4.87337169,2.62062544,0.32866951
1953M12,4.50000000,6.15592983,2.38822939,0.32475171
1954M01,4.90000000,6.72054166,2.29742638,0.32598451
1954M02,5.20000000,7.25234052,2.18725099,0.32891425
1954M03,5.70000000,7.84659227,2.11578038,0.32928124
1954M04,5.90000000,8.12861820,2.11111424,0.32710457
1954M05,5.90000000,8.20643531,2.04119381,0.33122276
1954M06,5.60000000,7.78710993,2.13081126,0.33362268
1954M07,5.80000000,8.01955026,2.05322132,0.33593804
1954M08,6.00000000,8.41723633,2.04016852,0.33621771
1954M09,6.10000000,8.55276054,2.02421803,0.33614426
1954M10,5.70000000,8.02012689,2.03286123,0.33891781
1954M11,5.30000000,7.45790951,2.19531266,0.34193210
1954M12,5.00000000,7.01338600,2.28976975,0.34368008
1955M01,4.90000000,6.90794512,2.34656336,0.34839606
1955M02,4.70000000,6.49813964,2.51141027,0.34910403
1955M03,4.60000000,6.35134841,2.66060413,0.35204991
1955M04,4.70000000,6.58005482,2.63249974,0.35090531
1955M05,4.30000000,5.93714879,2.79527558,0.35286440
1955M06,4.20000000,5.81222698,2.94594711,0.35115029
1955M07,4.00000000,5.65194984,2.99270126,0.35400963
1955M08,4.20000000,5.93958013,3.12525652,0.35242489
1955M09,4.10000000,5.71331043,3.27536070,0.35262548
1955M10,4.30000000,6.00301211,3.18980888,0.35499431
1955M11,4.20000000,5.87874559,3.33077418,0.35211324
1955M12,4.20000000,5.82071932,3.46079101,0.35033244
1956M01,4.00000000,5.61570544,3.31161768,0.35005005
1956M02,3.90000000,5.47927924,3.40199166,0.34551453
1956M03,4.20000000,5.78158010,3.39936980,0.34561542
1956M04,4.00000000,5.54985445,3.39480407,0.34969369
1956M05,4.30000000,5.96041667,3.37150110,0.34767339
1956M06,4.30000000,5.99180856,3.29756731,0.34486292
1956M07,4.40000000,6.21460601,3.14532014,0.33968009
1956M08,4.10000000,5.64118630,3.22402430,0.34801430
1956M09,3.90000000,5.51774683,3.22204293,0.35465561
1956M10,3.90000000,5.37495035,3.38041801,0.35364435
1956M11,4.30000000,5.94431747,3.37478879,0.34881125
1956M12,4.20000000,5.79607778,3.22271922,0.35288440
1957M01,4.20000000,5.81724368,3.38642284,0.35292292
1957M02,3.90000000,5.45420506,3.21409370,0.35556863
1957M03,3.70000000,5.22773680,3.13775216,0.35536845
1957M04,3.90000000,5.40125060,3.00026237,0.35058227
1957M05,4.10000000,5.62871267,2.99810309,0.35027475
1957M06,4.30000000,5.92285359,2.83303349,0.35175298
1957M07,4.20000000,5.80504516,2.89532380,0.35377510
1957M08,4.10000000,5.70911963,2.77278805,0.35504573
1957M09,4.40000000,6.11519761,2.68344622,0.35608917
1957M10,4.50000000,6.28943916,2.53429030,0.35621397
1957M11,5.10000000,7.15943952,2.23423960,0.35254471
1957M12,5.20000000,7.23940435,2.15095258,0.35024131
1958M01,5.80000000,8.05094430,2.08616052,0.34791676
1958M02,6.40000000,8.95581410,1.93409348,0.34697769
1958M03,6.70000000,9.36926414,1.85909664,0.34811554
1958M04,7.40000000,10.41203944,1.77354637,0.34831230
1958M05,7.40000000,10.45170691,1.76706814,0.35384622
1958M06,7.30000000,10.31504277,1.84670706,0.36164148
1958M07,7.50000000,10.54960120,1.91632779,0.36154231
1958M08,7.40000000,10.41580300,1.98380261,0.36412208
1958M09,7.10000000,9.97909379,2.13184763,0.36336562
1958M10,6.70000000,9.51587715,2.13050044,0.36768514
1958M11,6.20000000,8.70613670,2.21657253,0.37359725
1958M12,6.20000000,8.69881069,2.36148197,0.37171760
1959M01,6.00000000,8.39749809,2.35466893,0.37146831
1959M02,5.90000000,8.16919400,2.51244975,0.37393805
1959M03,5.60000000,7.80733285,2.64386551,0.37287364
1959M04,5.20000000,7.32527847,2.77968015,0.37384383
1959M05,5.10000000,7.11815857,2.78624427,0.37748867
1959M06,5.00000000,7.00296130,2.92859319,0.38101750
1959M07,5.10000000,7.17685829,3.06331301,0.37956154
1959M08,5.20000000,7.36135902,2.92200266,0.37520688
1959M09,5.50000000,7.70958848,2.99011522,0.37563158
1959M10,5.70000000,7.97894049,2.90548649,0.37142330
1959M11,5.80000000,8.11079143,2.91769638,0.36871609
1959M12,5.30000000,7.38576628,2.89820109,0.38405060
1960M01,5.20000000,7.29095236,2.97203457,0.38834537
1960M02,4.80000000,6.72307941,2.97259493,0.38065870
1960M03,5.40000000,7.50317163,2.85032711,0.37897593
1960M04,5.20000000,7.25479979,2.73014216,0.37478048
1960M05,5.10000000,7.19411409,2.72829922,0.37845364
1960M06,5.40000000,7.58036271,2.64480223,0.37737588
1960M07,5.50000000,7.71862047,2.58029446,0.37968230
1960M08,5.60000000,7.93245552,2.50517139,0.38127267
1960M09,5.50000000,7.82780443,2.42284091,0.37763504
1960M10,6.10000000,8.52206678,2.28903309,0.37613670
1960M11,6.10000000,8.69897139,2.27099744,0.37265223
1960M12,6.60000000,9.27779117,2.13039086,0.37015108
1961M01,6.60000000,9.38140189,2.12881832,0.37497485
1961M02,6.90000000,9.70261641,2.12963454,0.37754351
1961M03,6.90000000,9.72467137,2.12111034,0.37857164
1961M04,7.00000000,9.80757667,2.13427163,0.38381482
1961M05,7.10000000,9.98124651,2.27057839,0.38672423
1961M06,6.90000000,9.73611831,2.25693147,0.38989095
1961M07,7.00000000,9.79196058,2.33874548,0.39381696
1961M08,6.60000000,9.32372152,2.40968488,0.39546668
1961M09,6.70000000,9.30214053,2.49175663,0.39259636
1961M10,6.50000000,9.09325910,2.62386653,0.39595349
1961M11,6.10000000,8.55134791,2.69922362,0.39880803
1961M12,6.00000000,8.31872859,2.71074049,0.40169848
1962M01,5.80000000,8.14229564,2.84885788,0.40021966
1962M02,5.50000000,7.71422878,2.76895743,0.40555009
1962M03,5.60000000,7.79584858,2.76876081,0.40731025
1962M04,5.60000000,7.72150397,2.77411884,0.40468624
1962M05,5.50000000,7.64466081,2.83424028,0.40441868
1962M06,5.50000000,7.61369038,2.76483427,0.40472508
1962M07,5.40000000,7.55654049,2.77317180,0.40982712
1962M08,5.70000000,7.90147279,2.67621704,0.41087861
1962M09,5.60000000,7.78973038,2.66974775,0.41283427
1962M10,5.40000000,7.49655036,2.60814190,0.41248567
1962M11,5.70000000,7.90026504,2.60983476,0.41345565
1962M12,5.50000000,7.68958255,2.61046094,0.41215868
1963M01,5.70000000,7.99042875,2.67001042,0.41325149
1963M02,5.90000000,8.27136640,2.66566419,0.41513581
1963M03,5.70000000,7.96105496,2.65965532,0.41469270
1963M04,5.70000000,7.89355862,2.64949107,0.41382129
1963M05,5.90000000,8.18120089,2.57491925,0.41876347
1963M06,5.60000000,7.74745291,2.58232485,0.42243524
1963M07,5.60000000,7.86433966,2.63995444,0.42510407
1963M08,5.40000000,7.54181252,2.64620625,0.42747757
1963M09,5.50000000,7.66607900,2.63354954,0.42991836
1963M10,5.50000000,7.69810009,2.69724442,0.42771779
1963M11,5.70000000,7.99468433,2.62311251,0.42878996
1963M12,5.50000000,7.66811991,2.76996850,0.42833225
1964M01,5.60000000,7.75493706,2.76353704,0.43533197
1964M02,5.40000000,7.54673525,2.75110392,0.43753019
1964M03,5.40000000,7.56168999,2.74996886,0.43561784
1964M04,5.30000000,7.50632232,2.86536029,0.43964416
1964M05,5.10000000,7.21307706,2.86063642,0.43934364
1964M06,5.20000000,7.28335179,2.94330393,0.43960221
1964M07,4.90000000,6.89286260,3.08125655,0.44280947
1964M08,5.00000000,6.95633969,3.00821049,0.44442316
1964M09,5.10000000,7.02644381,3.06935867,0.44215737
1964M10,5.10000000,7.07356431,3.06860502,0.43381206
1964M11,4.80000000,6.71406153,3.20594958,0.44117744
1964M12,5.00000000,6.86600846,3.19813817,0.44339050
1965M01,4.90000000,6.71201473,3.19361716,0.44700692
1965M02,5.10000000,6.96467249,3.31653256,0.44735800
1965M03,4.70000000,6.56037979,3.38000659,0.45023508
1965M04,4.80000000,6.68178354,3.43464824,0.44795748
1965M05,4.60000000,6.37562697,3.55793240,0.44884320
1965M06,4.60000000,6.27815159,3.56051435,0.45133931
1965M07,4.40000000,6.10583948,3.54389312,0.45569538
1965M08,4.40000000,6.00247182,3.68477160,0.45767918
1965M09,4.30000000,5.91524426,3.82460662,0.45879545
1965M10,4.20000000,5.76877191,3.94102951,0.46337264
1965M11,4.10000000,5.62470257,4.21052469,0.46452932
1965M12,4.00000000,5.52567772,4.26049801,0.46877805
1966M01,4.00000000,5.43519782,4.32171600,0.47230802
1966M02,3.80000000,5.12680665,4.40178645,0.47256889
1966M03,3.80000000,5.21241447,4.66103697,0.47373309
1966M04,3.80000000,5.09503648,4.44570421,0.46898162
1966M05,3.90000000,5.28295129,4.50553933,0.46884856
1966M06,3.80000000,5.12125535,4.55971008,0.46676982
1966M07,3.80000000,5.11716456,4.55435180,0.46805322
1966M08,3.80000000,5.14175281,4.47005005,0.46644240
1966M09,3.70000000,4.96284077,4.40373493,0.46944437
1966M10,3.70000000,4.95002211,4.39547059,0.47052635
1966M11,3.60000000,4.89520376,4.37188962,0.46699271
1966M12,3.80000000,5.12171099,4.30489557,0.46885094
1967M01,3.90000000,5.20154224,4.37023531,0.47306924
1967M02,3.80000000,5.11493244,4.31164650,0.46975941
1967M03,3.80000000,5.06646557,4.19156243,0.46723135
1967M04,3.80000000,5.08546033,4.23215989,0.47190400
1967M05,3.80000000,5.13193398,4.16726684,0.46700202
1967M06,3.90000000,5.23003776,4.14046302,0.46740398
1967M07,3.80000000,5.13903678,4.06556097,0.46716167
1967M08,3.80000000,5.12200637,4.18124021,0.47410734
1967M09,3.80000000,5.14443729,4.11162260,0.47098099
1967M10,4.00000000,5.44468697,4.21939665,0.46976118
1967M11,3.90000000,5.27947102,4.15562583,0.47074386
1967M12,3.80000000,5.18708214,4.20343099,0.47513496
1968M01,3.70000000,4.97158355,4.31733821,0.47939101
1968M02,3.80000000,5.13896262,4.21745496,0.48024150
1968M03,3.70000000,4.93228184,4.27993334,0.48279749
1968M04,3.50000000,4.63981091,4.40690415,0.48214189
1968M05,3.50000000,4.68472165,4.37465456,0.48763604
1968M06,3.70000000,4.99192932,4.35956001,0.48870207
1968M07,3.70000000,4.88726903,4.49444488,0.48710690
1968M08,3.50000000,4.68723541,4.56694211,0.48647579
1968M09,3.40000000,4.54437790,4.62761212,0.48546731
1968M10,3.40000000,4.53395832,4.87777787,0.48176160
1968M11,3.40000000,4.55590422,4.85954987,0.48394010
1968M12,3.40000000,4.49101796,4.78110722,0.48284830
1969M01,3.40000000,4.53400504,4.96608540,0.48511054
1969M02,3.40000000,4.47413908,4.93530299,0.48613449
1969M03,3.40000000,4.49095847,4.99403054,0.48786496
1969M04,3.40000000,4.55228192,4.98146475,0.48397774
1969M05,3.40000000,4.46532910,4.99116345,0.47955344
1969M06,3.50000000,4.60936605,4.83195013,0.48156882
1969M07,3.50000000,4.68191390,4.76227109,0.48246284
1969M08,3.50000000,4.64473320,4.68425422,0.48075557
1969M09,3.70000000,4.93682809,4.91963306,0.48056158
1969M10,3.70000000,4.93853156,4.84597651,0.47850941
1969M11,3.50000000,4.64428002,4.72892226,0.47571649
1969M12,3.50000000,4.67824874,4.59328336,0.47698410
1970M01,3.90000000,5.17283173,4.32937281,0.47445149
1970M02,4.20000000,5.54796832,4.32041378,0.47710277
1970M03,4.40000000,5.81748928,4.05986162,0.47794574
1970M04,4.60000000,6.08103780,3.92776892,0.47853540
1970M05,4.80000000,6.28306666,3.69696411,0.48047593
1970M06,4.90000000,6.52059007,3.63631406,0.48143867
1970M07,5.00000000,6.67668836,3.49742228,0.48523501
1970M08,5.10000000,6.81199782,3.43799279,0.48698029
1970M09,5.40000000,7.11105437,3.37466403,0.48416470
1970M10,5.50000000,7.36717108,3.18152882,0.47780946
1970M11,5.90000000,7.83968500,3.17117099,0.47693818
1970M12,6.10000000,8.05445804,3.16654707,0.48711236
1971M01,5.90000000,7.91755328,3.04051365,0.49424693
1971M02,5.90000000,7.80334861,3.10929071,0.49561231
1971M03,6.00000000,7.92367091,3.11033242,0.49478076
1971M04,5.90000000,7.86506162,3.09658628,0.49434897
1971M05,5.90000000,7.89594298,3.14904610,0.49507574
1971M06,5.90000000,7.83143969,3.28462617,0.49905529
1971M07,6.00000000,7.94928875,3.20066346,0.50052966
1971M08,6.10000000,8.08975308,3.24711441,0.49787833
1971M09,6.00000000,7.92879496,3.18589366,0.50165201
1971M10,5.80000000,7.80390983,3.23950087,0.50013105
1971M11,6.00000000,8.08186787,3.27578319,0.49612999
1971M12,6.00000000,8.04407542,3.26939422,0.49614895
1972M01,5.80000000,7.81800056,3.43039809,0.50282407
1972M02,5.70000000,7.66622071,3.48618867,0.50523467
1972M03,5.80000000,7.79224797,3.57847910,0.50790127
1972M04,5.70000000,7.65703168,3.57835515,0.51526321
1972M05,5.70000000,7.57545442,3.68548857,0.51519538
1972M06,5.70000000,7.54159135,3.67714384,0.51523141
1972M07,5.60000000,7.54233255,3.78609299,0.51608877
1972M08,5.60000000,7.53505118,3.88415309,0.51833997
1972M09,5.50000000,7.39887392,3.94691034,0.51900126
1972M10,5.60000000,7.39286039,4.11385485,0.51864226
1972M11,5.30000000,6.98055395,4.16618226,0.52079448
1972M12,5.20000000,6.86990579,4.54745655,0.52515326
1973M01,4.90000000,6.52912145,4.68543779,0.52853908
1973M02,5.00000000,6.66886366,4.63893549,0.53520350
1973M03,4.90000000,6.56467565,4.61376872,0.53447742
1973M04,5.00000000,6.64164321,4.54869727,0.53267113
1973M05,4.90000000,6.44599303,4.60697592,0.53407842
1973M06,4.90000000,6.47540740,4.57759968,0.53141045
1973M07,4.80000000,6.39188728,4.68631780,0.53111335
1973M08,4.80000000,6.37145352,4.57959419,0.52571997
1973M09,4.80000000,6.42218088,4.50717885,0.52632667
1973M10,4.60000000,6.11452938,4.54799010,0.52430548
1973M11,4.80000000,6.43885577,4.51866149,0.52322332
1973M12,4.90000000,6.55768837,4.34501056,0.52123119
1974M01,5.10000000,6.76396050,4.27547503,0.51886576
1974M02,5.20000000,6.87145969,4.20746664,0.51740420
1974M03,5.10000000,6.73761959,4.20893886,0.51767004
1974M04,5.10000000,6.71133137,4.32611445,0.51505967
1974M05,5.10000000,6.81577842,4.25694405,0.51667045
1974M06,5.40000000,7.11069418,4.13551098,0.51317989
1974M07,5.50000000,7.29433799,4.01166008,0.50982193
1974M08,5.50000000,7.24539408,3.90972392,0.50518953
1974M09,5.90000000,7.80886450,3.72943937,0.50973854
1974M10,6.00000000,7.92759947,3.45806846,0.51524218
1974M11,6.60000000,8.78787445,3.17938433,0.50908523
1974M12,7.20000000,9.51616141,2.90950588,0.50411259
1975M01,8.10000000,10.68914413,2.73759846,0.50933587
1975M02,8.10000000,10.79033462,2.69410308,0.50832698
1975M03,8.60000000,11.41785811,2.62919707,0.51011715
1975M04,8.80000000,11.74938462,2.62260993,0.51568104
1975M05,9.00000000,12.00786000,2.60906166,0.51518691
1975M06,8.80000000,11.75024301,2.77794316,0.51944205
1975M07,8.60000000,11.60419790,2.81793422,0.52193808
1975M08,8.40000000,11.29135630,2.76062564,0.52301927
1975M09,8.40000000,11.26562300,2.86558625,0.52719266
1975M10,8.40000000,11.19633641,2.86361034,0.52627505
1975M11,8.30000000,11.04419662,2.97020563,0.52567869
1975M12,8.20000000,10.93538183,2.96520332,0.53003626
1976M01,7.90000000,10.60066694,3.00146251,0.53506050
1976M02,7.70000000,10.29482027,3.15730572,0.53844998
1976M03,7.60000000,10.14139034,3.20261189,0.53712952
1976M04,7.70000000,10.23214261,3.13263978,0.53753050
1976M05,7.40000000,9.87911980,3.23365002,0.53921609
1976M06,7.60000000,10.20701192,3.23236849,0.53779341
1976M07,7.80000000,10.39642441,3.20900835,0.53866092
1976M08,7.80000000,10.41057952,3.20376731,0.53964374
1976M09,7.60000000,10.20732770,3.15823114,0.53719534
1976M10,7.70000000,10.27563030,3.20499310,0.53514186
1976M11,7.80000000,10.46933392,3.28967012,0.53912588
1976M12,7.80000000,10.34723936,3.38919651,0.54249226
1977M01,7.50000000,9.98409128,3.49692850,0.53785695
1977M02,7.60000000,10.14378194,3.47629418,0.54285345
1977M03,7.40000000,9.92151857,3.56650207,0.54408960
1977M04,7.20000000,9.57632982,3.66038111,0.54304223
1977M05,7.00000000,9.35587805,3.74928494,0.54413139
1977M06,7.20000000,9.58677686,3.78353830,0.54695638
1977M07,6.90000000,9.18295995,3.89150147,0.54972126
1977M08,7.00000000,9.27401535,3.97437765,0.54970567
1977M09,6.80000000,9.01575855,3.92063636,0.54826307
1977M10,6.80000000,9.00604576,4.10674644,0.54412302
1977M11,6.80000000,9.02971924,4.22478307,0.54043537
1977M12,6.40000000,8.48570214,4.37759271,0.53976162
1978M01,6.40000000,8.59777669,4.36101503,0.53331289
1978M02,6.30000000,8.35769561,4.41214664,0.53562716
1978M03,6.30000000,8.33081362,4.49991647,0.54418995
1978M04,6.10000000,8.07357667,4.77385284,0.55242597
1978M05,6.00000000,7.97765683,4.70970760,0.55321441
1978M06,5.90000000,7.81568063,4.73668645,0.55443962
1978M07,6.20000000,8.12879286,4.68657278,0.55272292
1978M08,5.90000000,7.82799022,4.77898265,0.55282303
1978M09,6.00000000,7.86022278,4.81440977,0.55294405
1978M10,5.80000000,7.62015812,4.99508247,0.55549282
1978M11,5.90000000,7.73411052,4.92356404,0.55609223
1978M12,6.00000000,7.88454235,4.96000444,0.55566494
1979M01,5.90000000,7.73467372,4.90014260,0.54886115
1979M02,5.90000000,7.78632694,4.78360428,0.54878384
1979M03,5.80000000,7.67144274,4.77962515,0.54704501
1979M04,5.80000000,7.63300214,4.99070828,0.54217175
1979M05,5.60000000,7.33290642,4.94276815,0.54513283
1979M06,5.70000000,7.44660910,4.82516081,0.54499542
1979M07,5.70000000,7.48928942,4.80843390,0.54662351
1979M08,6.00000000,7.86186993,4.85169882,0.54430831
1979M09,5.90000000,7.70025004,4.97385602,0.54433818
1979M10,6.00000000,7.80734605,5.01315031,0.54564963
1979M11,5.90000000,7.73551915,4.72438112,0.54399859
1979M12,6.00000000,7.82622683,4.65750581,0.54325178
1980M01,6.30000000,8.22179027,4.55039628,0.54398478
1980M02,6.30000000,8.23766563,4.40408298,0.54412568
1980M03,6.30000000,8.26384369,4.36766953,0.54388954
1980M04,6.90000000,9.01439510,3.84568018,0.53908003
1980M05,7.50000000,9.74264482,3.55302232,0.53165213
1980M06,7.60000000,9.90508342,3.60479570,0.53114784
1980M07,7.80000000,10.22596659,3.59204626,0.53300535
1980M08,7.70000000,10.10272301,3.64053076,0.53387813
1980M09,7.50000000,9.79353121,3.78079828,0.53859652
1980M10,7.50000000,9.84025404,3.76999147,0.53767548
1980M11,7.50000000,9.73901432,3.90369646,0.54356089
1980M12,7.20000000,9.37925335,3.77185273,0.54812363
1981M01,7.50000000,9.75371006,3.70204369,0.55194304
1981M02,7.40000000,9.72225577,3.74083936,0.55195168
1981M03,7.40000000,9.62846803,3.73012200,0.55252528
1981M04,7.20000000,9.49307533,3.71738291,0.54360362
1981M05,7.50000000,9.81637824,3.66150566,0.54276741
1981M06,7.50000000,9.70645699,3.68940710,0.54217898
1981M07,7.20000000,9.44050906,3.68396930,0.54573090
1981M08,7.40000000,9.62487424,3.63226498,0.54663411
1981M09,7.60000000,9.83532111,3.46207695,0.54509499
1981M10,7.90000000,10.29812880,3.25548790,0.54445537
1981M11,8.30000000,10.73322080,3.20340685,0.54067277
1981M12,8.50000000,11.02072853,3.07523931,0.53637186
1982M01,8.60000000,11.19716883,3.07024965,0.52629580
1982M02,8.90000000,11.51846753,2.92264863,0.53683738
1982M03,9.00000000,11.73742334,2.82873176,0.53577682
1982M04,9.30000000,12.13945441,2.73117582,0.53661334
1982M05,9.40000000,12.23960492,2.67031323,0.53598098
1982M06,9.60000000,12.48785344,2.54305357,0.53747568
1982M07,9.80000000,12.84194079,2.40112553,0.53769916
1982M08,9.80000000,12.90517701,2.35215476,0.53620008
1982M09,10.10000000,13.27817039,2.21230973,0.53905076
1982M10,10.40000000,13.64717859,2.21185026,0.54108350
1982M11,10.80000000,14.08713301,2.25077089,0.54311666
1982M12,10.80000000,14.20455215,2.29510429,0.54077984
1983M01,10.40000000,13.64905803,2.34830870,0.54996897
1983M02,10.40000000,13.66935436,2.34960348,0.54812013
1983M03,10.30000000,13.50171020,2.44100985,0.55371091
1983M04,10.20000000,13.31222532,2.48080736,0.56191356
1983M05,10.10000000,13.15454288,2.70711694,0.56500828
1983M06,10.10000000,13.19209835,2.68091178,0.56450816
1983M07,9.40000000,12.41277051,2.86278658,0.56631337
1983M08,9.50000000,12.53614038,2.89521201,0.57286678
1983M09,9.20000000,12.02755975,2.98251495,0.57219984
1983M10,8.80000000,11.57470820,3.21574321,0.57484561
1983M11,8.50000000,11.12646856,3.25163272,0.57387340
1983M12,8.30000000,10.90707189,3.38227784,0.57292099
1984M01,8.00000000,10.51464323,3.47493559,0.57881513
1984M02,7.80000000,10.23161080,3.59557727,0.57690621
1984M03,7.80000000,10.15264960,3.59245104,0.57803866
1984M04,7.70000000,10.13193955,3.75702296,0.58101346
1984M05,7.40000000,9.78103710,3.78279391,0.58276537
1984M06,7.20000000,9.50125898,3.82113135,0.58291117
1984M07,7.50000000,9.79496770,3.90365731,0.58308174
1984M08,7.50000000,9.75506418,3.78169582,0.58316750
1984M09,7.30000000,9.56709660,3.86369454,0.58167076
1984M10,7.40000000,9.55241232,3.90204818,0.58103191
1984M11,7.20000000,9.33011631,3.85310212,0.58298092
1984M12,7.30000000,9.47801730,3.97016569,0.58411717
1985M01,7.30000000,9.52181777,3.87803557,0.58281841
1985M02,7.20000000,9.40555449,3.91645420,0.58551892
1985M03,7.20000000,9.39214074,3.98779583,0.58585267
1985M04,7.30000000,9.43216035,3.94434762,0.58489445
1985M05,7.20000000,9.31333505,3.99104880,0.58678271
1985M06,7.40000000,9.46086490,4.00038723,0.58992285
1985M07,7.40000000,9.50727033,3.94472386,0.59007857
1985M08,7.10000000,9.16583724,3.98907562,0.59397241
1985M09,7.10000000,9.19971000,4.01107355,0.59641902
1985M10,7.10000000,9.23261791,3.95974444,0.59226298
1985M11,7.00000000,9.04155914,4.00312980,0.59315642
1985M12,7.00000000,9.03690049,3.86670500,0.59934060
1986M01,6.70000000,8.67904781,3.89867808,0.60304808
1986M02,7.20000000,9.28561956,3.89200694,0.60060506
1986M03,7.20000000,9.25653965,3.88078447,0.59820685
1986M04,7.10000000,9.21947509,3.87760881,0.60002985
1986M05,7.20000000,9.28403265,3.82808006,0.60268104
1986M06,7.20000000,9.36138374,3.89472340,0.60262911
1986M07,7.00000000,9.14045246,3.85092192,0.60427254
1986M08,6.90000000,8.94722949,3.89254776,0.60261045
1986M09,7.00000000,9.09847373,3.92671548,0.60112701
1986M10,7.00000000,9.01919163,3.92270647,0.60131907
1986M11,6.90000000,8.92083971,4.08735546,0.60144555
1986M12,6.60000000,8.62727502,3.87741877,0.60371538
1987M01,6.60000000,8.62230963,3.82772145,0.59955033
1987M02,6.60000000,8.57276770,3.98668091,0.60477516
1987M03,6.60000000,8.54918336,4.14938587,0.60356451
1987M04,6.30000000,8.20362212,4.06331139,0.60514011
1987M05,6.30000000,8.21564161,4.12386885,0.60637520
1987M06,6.20000000,8.02612450,4.17819711,0.60597469
1987M07,6.10000000,7.86963348,4.16920664,0.60485853
1987M08,6.00000000,7.84913574,4.32098325,0.60668684
1987M09,5.90000000,7.66846987,4.29038256,0.60537464
1987M10,6.00000000,7.76295437,4.31413474,0.61173869
1987M11,5.80000000,7.55590402,4.39596804,0.61312287
1987M12,5.70000000,7.43783042,4.18205383,0.61335844
1988M01,5.70000000,7.44863197,4.21508105,0.61161157
1988M02,5.70000000,7.39085450,4.20857522,0.61082382
1988M03,5.70000000,7.32143618,4.29972016,0.61128461
1988M04,5.40000000,7.03124168,4.20527780,0.61479446
1988M05,5.60000000,7.19188619,4.33539845,0.61394906
1988M06,5.40000000,6.93762917,4.19759238,0.61421649
1988M07,5.40000000,6.97782520,4.27314399,0.61343557
1988M08,5.60000000,7.20550917,4.25704862,0.61662301
1988M09,5.40000000,6.95311595,4.09885384,0.61455142
1988M10,5.40000000,6.90097189,4.25422699,0.61763018
1988M11,5.30000000,6.85169851,4.15775124,0.61820273
1988M12,5.30000000,6.81172143,4.23979435,0.62020709
1989M01,5.40000000,6.95491070,4.21340516,0.62135059
1989M02,5.20000000,6.62582185,4.18153329,0.61842562
1989M03,5.00000000,6.46340701,4.01614299,0.62058379
1989M04,5.20000000,6.70815184,4.16698176,0.62261157
1989M05,5.20000000,6.61245319,3.96762307,0.62084020
1989M06,5.30000000,6.80208086,3.87032030,0.62428823
1989M07,5.20000000,6.71970700,3.87119448,0.62256980
1989M08,5.20000000,6.73758498,3.82472983,0.63056572
1989M09,5.30000000,6.79886101,3.83158042,0.62663449
1989M10,5.30000000,6.82991151,3.90383564,0.62299904
1989M11,5.40000000,6.90302912,3.77016810,0.62262334
1989M12,5.40000000,6.84208906,3.85471430,0.62697762
1990M01,5.40000000,6.90494452,3.85351480,0.62366938
1990M02,5.30000000,6.79325067,3.65845611,0.62972704
1990M03,5.20000000,6.73602107,3.57633559,0.63192357
1990M04,5.40000000,6.92814988,3.58066195,0.62950172
1990M05,5.40000000,6.88078544,3.41488998,0.62990377
1990M06,5.20000000,6.73142729,3.42359221,0.63023450
1990M07,5.50000000,7.04952592,3.37950388,0.62870398
1990M08,5.70000000,7.30859176,3.25355104,0.63057351
1990M09,5.90000000,7.48415407,3.21637542,0.63144251
1990M10,5.90000000,7.58136320,2.97569079,0.62736005
1990M11,6.20000000,7.87951367,2.81531143,0.62220592
1990M12,6.30000000,8.01350968,2.81370449,0.62135402
1991M01,6.40000000,8.13020500,2.65912797,0.62366745
1991M02,6.60000000,8.38932987,2.53875240,0.62443707
1991M03,6.80000000,8.70129212,2.49476873,0.62377548
1991M04,6.70000000,8.58328502,2.48865739,0.62679836
1991M05,6.90000000,8.87020622,2.41675668,0.63376389
1991M06,6.90000000,8.82723321,2.53250253,0.63861775
1991M07,6.80000000,8.73581930,2.41717814,0.63851575
1991M08,6.90000000,8.80574721,2.37762766,0.63757190
1991M09,6.90000000,8.85365383,2.44718242,0.64202235
1991M10,7.00000000,8.96681811,2.32891747,0.64043847
1991M11,7.00000000,9.05716633,2.36728778,0.64210714
1991M12,7.30000000,9.30199632,2.36797929,0.64375439
1992M01,7.30000000,9.37970476,2.31758957,0.64680339
1992M02,7.40000000,9.54159181,2.39716911,0.65538360
1992M03,7.40000000,9.54456484,2.50723784,0.66098301
1992M04,7.40000000,9.49073607,2.38528086,0.66195032
1992M05,7.60000000,9.77881257,2.45814138,0.66165188
1992M06,7.80000000,10.04040162,2.45163527,0.66113780
1992M07,7.70000000,9.86726772,2.37188531,0.66825529
1992M08,7.60000000,9.80356803,2.44869971,0.66558410
1992M09,7.60000000,9.78971284,2.41193184,0.66755061
1992M10,7.30000000,9.42486085,2.42088055,0.67218242
1992M11,7.40000000,9.56490435,2.56873975,0.67367230
1992M12,7.40000000,9.54049494,2.52759571,0.67086529
1993M01,7.30000000,9.30378736,2.56955998,0.66812649
1993M02,7.10000000,9.15261332,2.60731495,0.66706974
1993M03,7.00000000,9.04279752,2.56560368,0.66577377
1993M04,7.10000000,9.06684183,2.56588302,0.66659446
1993M05,7.10000000,9.07900090,2.62973006,0.66359483
1993M06,7.00000000,9.03955362,2.58811433,0.66550070
1993M07,6.90000000,8.84815457,2.62702710,0.66862324
1993M08,6.80000000,8.68096488,2.73822752,0.66800970
1993M09,6.70000000,8.61680247,2.74566260,0.66982706
1993M10,6.80000000,8.62502341,2.85494045,0.67206689
1993M11,6.60000000,8.41866654,2.85190307,0.67249513
1993M12,6.50000000,8.33677544,2.88532612,0.67332797
1994M01,6.60000000,8.45473338,2.94741099,0.67347434
1994M02,6.60000000,8.39651344,3.02227774,0.67197162
1994M03,6.50000000,8.26107735,3.06684794,0.67586405
1994M04,6.40000000,8.11166069,3.06165909,0.67794938
1994M05,6.10000000,7.71592903,3.17263367,0.67869135
1994M06,6.10000000,7.70352086,3.10135442,0.67912927
1994M07,6.10000000,7.69491493,3.25224093,0.67490485
1994M08,6.00000000,7.66273533,3.12256634,0.67513961
1994M09,5.90000000,7.46114589,3.15713515,0.67450554
1994M10,5.80000000,7.35564829,3.33911729,0.67893987
1994M11,5.60000000,7.09926456,3.29749344,0.67995799
1994M12,5.50000000,6.95125469,3.40964898,0.68401213
1995M01,5.60000000,7.05924019,3.30004159,0.68121840
1995M02,5.40000000,6.87928939,3.30456284,0.67786650
1995M03,5.40000000,6.83594870,3.23536005,0.67707511
1995M04,5.80000000,7.26124329,3.26854924,0.67596157
1995M05,5.60000000,7.07154346,3.06389507,0.67860971
1995M06,5.60000000,7.05458828,3.10640886,0.67969872
1995M07,5.70000000,7.13601760,3.25724125,0.67643027
1995M08,5.70000000,7.08068423,3.22637975,0.68355462
1995M09,5.60000000,7.05864585,3.22686494,0.68502511
1995M10,5.50000000,6.91914757,3.27035200,0.68398384
1995M11,5.60000000,6.99549711,3.16485445,0.68498883
1995M12,5.60000000,6.98438088,3.44587185,0.68674734
1996M01,5.60000000,7.04365732,3.25771155,0.68187838
1996M02,5.50000000,6.86260710,3.18016440,0.68951981
1996M03,5.50000000,6.85295825,3.26046232,0.68693181
1996M04,5.60000000,6.92569934,3.18541350,0.69171011
1996M05,5.60000000,6.91251106,3.07097900,0.69442380
1996M06,5.30000000,6.60989948,3.35124616,0.69832609
1996M07,5.50000000,6.80530177,3.15123027,0.69587283
1996M08,5.10000000,6.39674307,3.16560357,0.69825105
1996M09,5.20000000,6.47204474,3.32006930,0.70179612
1996M10,5.20000000,6.50061484,3.16345075,0.69904328
1996M11,5.40000000,6.66003976,3.40553613,0.70125944
1996M12,5.40000000,6.66452265,3.37395117,0.70116728
1997M01,5.30000000,6.57034807,3.33656768,0.69551885
1997M02,5.20000000,6.50419906,3.46630179,0.69973034
1997M03,5.20000000,6.39906391,3.42539825,0.70352081
1997M04,5.10000000,6.27321766,3.39389723,0.70581822
1997M05,4.90000000,6.07163711,3.20478208,0.71013805
1997M06,5.00000000,6.18332621,3.49088984,0.71206374
1997M07,4.90000000,6.04505405,3.37692846,0.71321107
1997M08,4.80000000,6.00236170,3.42513366,0.71745657
1997M09,4.90000000,6.01944382,3.59556840,0.71721237
1997M10,4.70000000,5.83238446,3.52959342,0.71721385
1997M11,4.60000000,5.69375745,3.73469820,0.71930990
1997M12,4.70000000,5.82012960,3.50191871,0.71897625
1998M01,4.60000000,5.71479853,3.63825567,0.72257892
1998M02,4.60000000,5.65317173,3.73314216,0.72343096
1998M03,4.70000000,5.74398054,3.70385776,0.72389011
1998M04,4.30000000,5.32447862,3.72115252,0.72526171
1998M05,4.40000000,5.39775770,3.73045159,0.72875382
1998M06,4.50000000,5.52614958,3.66151993,0.72443446
1998M07,4.50000000,5.56167694,3.67326911,0.72385447
1998M08,4.50000000,5.47929414,3.73127153,0.73896606
1998M09,4.60000000,5.57117844,3.56273529,0.73806947
1998M10,4.50000000,5.54540076,3.53719977,0.74436033
1998M11,4.40000000,5.38403149,3.71772828,0.74388557
1998M12,4.40000000,5.31168271,3.64447032,0.74597410
1999M01,4.30000000,5.25977627,3.86179021,0.75047845
1999M02,4.40000000,5.35573434,3.92369860,0.75260636
1999M03,4.20000000,5.07917827,3.77985721,0.75288519
1999M04,4.30000000,5.24912354,3.74984021,0.75150866
1999M05,4.20000000,5.06678789,3.80741740,0.75502866
1999M06,4.30000000,5.18524327,3.64929681,0.75333268
1999M07,4.30000000,5.23444220,3.70855649,0.75872674
1999M08,4.20000000,5.07497718,3.72855217,0.76339656
1999M09,4.20000000,5.12978397,3.61330047,0.76081670
1999M10,4.10000000,5.00212101,3.76030512,0.77050503
1999M11,4.10000000,4.94040571,3.73059261,0.77241860
1999M12,4.00000000,4.87735434,3.79193166,0.77445637
2000M01,4.00000000,4.91458879,3.93266521,0.76926817
2000M02,4.10000000,5.03277576,3.99459853,0.76967048
2000M03,4.00000000,4.91659877,3.93086731,0.77223134
2000M04,3.80000000,4.70161353,3.94599594,0.78135718
2000M05,4.00000000,4.93283531,3.71229772,0.78645692
2000M06,4.00000000,4.83632162,3.64062788,0.78652590
2000M07,4.00000000,4.90634658,3.71727991,0.78284456
2000M08,4.10000000,4.99172736,3.50729350,0.78131599
2000M09,3.90000000,4.79650047,3.62211017,0.78558945
2000M10,3.90000000,4.72349542,3.59769663,0.78839959
2000M11,3.90000000,4.80037456,3.47458217,0.79015477
2000M12,3.90000000,4.79256871,3.30615436,0.78844564
2001M01,4.20000000,5.10904325,3.74478442,0.78282614
2001M02,4.20000000,5.16196305,3.24145274,0.78013670
2001M03,4.30000000,5.20670827,3.17042328,0.78366716
2001M04,4.40000000,5.32582571,3.41368958,0.79189940
2001M05,4.30000000,5.29309245,3.17475823,0.79334489
2001M06,4.50000000,5.51107485,2.98555355,0.79366572
2001M07,4.60000000,5.59793192,3.13183065,0.79137615
2001M08,4.90000000,5.97397309,2.88517908,0.79359089
2001M09,5.00000000,6.06776320,2.76062755,0.79538296
2001M10,5.30000000,6.52620150,2.50197799,0.79826169
2001M11,5.50000000,6.79060533,2.34816972,0.80059221
2001M12,5.70000000,7.00400326,2.34572607,0.80630610
2002M01,5.70000000,6.95411238,2.61253935,0.81682875
2002M02,5.70000000,6.98857498,2.33109579,0.81859272
2002M03,5.70000000,7.06242558,2.45776261,0.82334853
2002M04,5.90000000,7.30089998,2.39903265,0.82189872
2002M05,5.80000000,7.14650375,2.48106087,0.82217058
2002M06,5.80000000,7.14079091,2.32376664,0.82841071
2002M07,5.80000000,7.14279633,2.35561418,0.82743575
2002M08,5.70000000,7.07789606,2.40674717,0.82815600
2002M09,5.70000000,7.03740032,2.27272727,0.82972825
2002M10,5.70000000,7.07574893,2.43266306,0.82648410
2002M11,5.90000000,7.24495957,2.35450666,0.83029280
2002M12,6.00000000,7.35056405,2.02873175,0.82629310
2003M01,5.80000000,7.25161927,2.62030876,0.82864107
2003M02,5.90000000,7.33790285,2.31416838,0.83328066
2003M03,5.90000000,7.32633231,2.09009601,0.83656827
2003M04,6.00000000,7.52895095,2.28026817,0.83741144
2003M05,6.10000000,7.61688522,2.20682594,0.84308439
2003M06,6.30000000,7.86200343,2.26716353,0.84997417
2003M07,6.20000000,7.66274076,2.23231048,0.85817427
2003M08,6.10000000,7.57035512,2.24179726,0.85997186
2003M09,6.10000000,7.57956805,2.09786392,0.86620387
2003M10,6.00000000,7.42138365,2.18449249,0.86763954
2003M11,5.80000000,7.29686038,2.14761905,0.87423546
2003M12,5.70000000,7.08541344,2.19043270,0.87124500
2004M01,5.70000000,7.11680229,2.35559309,0.86935716
2004M02,5.60000000,6.95347887,2.31887614,0.87319817
2004M03,5.80000000,7.19174021,2.30019599,0.86714468
2004M04,5.60000000,6.92531342,2.47122915,0.87168616
2004M05,5.60000000,6.94091097,2.48869547,0.87829580
2004M06,5.60000000,6.99352639,2.32198562,0.87168804
2004M07,5.50000000,6.87330512,2.66365138,0.87920159
2004M08,5.40000000,6.75275942,2.45249519,0.87903945
2004M09,5.40000000,6.69470555,2.53841197,0.87746897
2004M10,5.50000000,6.78152894,2.56575075,0.88104073
2004M11,5.40000000,6.67879155,2.18544566,0.88123051
2004M12,5.40000000,6.67328332,2.46523345,0.88591877
2005M01,5.30000000,6.54959738,2.47924393,0.88924335
2005M02,5.40000000,6.69030911,2.59159904,0.89293129
2005M03,5.20000000,6.49202447,2.58169296,0.88959536
2005M04,5.20000000,6.42244843,2.84906598,0.88683263
2005M05,5.10000000,6.39817362,2.60215328,0.88872200
2005M06,5.00000000,6.28476921,2.69502406,0.89516537
2005M07,5.00000000,6.17799912,2.89027785,0.89836008
2005M08,4.90000000,6.12052731,2.71933983,0.90360707
2005M09,5.00000000,6.27857487,2.82553316,0.88609285
2005M10,5.00000000,6.19534497,2.85131432,0.89305931
2005M11,5.00000000,6.26739563,2.81211475,0.89860838
2005M12,4.90000000,6.03730706,2.70879158,0.90437231
2006M01,4.70000000,5.85412747,2.86125128,0.90656511
2006M02,4.80000000,5.93385535,2.80733665,0.90613717
2006M03,4.70000000,5.83363579,2.97918614,0.90556772
2006M04,4.70000000,5.86355700,3.10178220,0.90598340
2006M05,4.60000000,5.75375890,2.90529493,0.90311454
2006M06,4.60000000,5.76612638,2.87339614,0.90467206
2006M07,4.70000000,5.89346585,2.74414211,0.90212774
2006M08,4.70000000,5.82174349,3.00561576,0.90534438
2006M09,4.50000000,5.62913635,2.97767404,0.90539788
2006M10,4.40000000,5.53475782,2.94131188,0.90901304
2006M11,4.50000000,5.63837905,2.84831306,0.90856285
2006M12,4.40000000,5.54548660,2.80098473,0.91686411
2007M01,4.60000000,5.80812615,3.02329833,0.90789459
2007M02,4.50000000,5.66037736,2.91862495,0.91476548
2007M03,4.40000000,5.50017160,3.04865698,0.91291993
2007M04,4.50000000,5.59051327,3.16462755,0.91729608
2007M05,4.40000000,5.51957057,2.98028427,0.91605369
2007M06,4.60000000,5.68063424,3.01095785,0.91681023
2007M07,4.70000000,5.81063617,2.93360513,0.91895237
2007M08,4.60000000,5.75170101,2.98201625,0.92392692
2007M09,4.70000000,5.82860487,2.94823158,0.92939071
2007M10,4.70000000,5.87700279,2.80710000,0.92685385
2007M11,4.70000000,5.87600334,2.70159587,0.93139802
2007M12,5.00000000,6.18127426,2.67869905,0.92907813
2008M01,5.00000000,6.21180769,2.76510259,0.92226931
2008M02,4.90000000,6.07447860,2.63060272,0.91954286
2008M03,5.10000000,6.32530608,2.59960496,0.92145783
2008M04,5.00000000,6.19680139,2.66503652,0.92359573
2008M05,5.40000000,6.78208463,2.56637914,0.92820679
2008M06,5.60000000,6.92789335,2.44114235,0.93651748
2008M07,5.80000000,7.21470550,2.47363549,0.94356980
2008M08,6.10000000,7.60534098,2.37000537,0.93840542
2008M09,6.10000000,7.67253920,2.11166462,0.90505478
2008M10,6.50000000,8.13514976,2.12557142,0.92052682
2008M11,6.80000000,8.53085940,1.91154883,0.92199484
2008M12,7.30000000,9.13313696,1.82987941,0.91138835
2009M01,7.80000000,9.76087555,1.79430647,0.91078982
2009M02,8.30000000,10.42911549,1.80602829,0.92396208
2009M03,8.70000000,10.87874245,1.61613671,0.92755810
2009M04,9.00000000,11.26067907,1.52547748,0.93748633
2009M05,9.40000000,11.75216620,1.56836643,0.93488105
2009M06,9.50000000,11.94205582,1.56932703,0.93353262
2009M07,9.50000000,11.89393939,1.42134082,0.93922104
2009M08,9.60000000,12.06725208,1.49442345,0.94762905
2009M09,9.80000000,12.22101895,1.61090056,0.95504991
2009M10,10.00000000,12.49409965,1.56063049,0.96284722
2009M11,9.90000000,12.39897673,1.52718387,0.96599133
2009M12,9.90000000,12.33526966,1.57206210,0.96739146
2010M01,9.80000000,12.29710512,1.71744286,0.97232926
2010M02,9.80000000,12.35095576,1.67735891,0.97128786
2010M03,9.90000000,12.39926919,1.73168609,0.97283287
2010M04,9.90000000,12.46989324,2.08249796,0.97300977
2010M05,9.60000000,12.12004963,1.87616408,0.98500142
2010M06,9.40000000,11.83899490,1.73419435,0.98450881
2010M07,9.40000000,11.85746852,1.92919559,0.98771417
2010M08,9.50000000,11.94234281,1.89504562,0.99086805
2010M09,9.50000000,11.88211611,1.79704497,0.99456778
2010M10,9.40000000,11.81593963,1.97415953,0.99375013
2010M11,9.80000000,12.20590021,1.89067315,0.99274676
2010M12,9.30000000,11.67291750,1.85942076,0.99727310
2011M01,9.10000000,11.42677746,1.91827121,0.98756352
2011M02,9.00000000,11.26645742,1.99851189,0.97807229
2011M03,9.00000000,11.18111005,2.04204048,0.98759419
2011M04,9.10000000,11.30945628,2.14011710,0.98838782
2011M05,9.00000000,11.22371278,2.02894207,0.99179370
2011M06,9.10000000,11.28242424,2.10178290,0.99035848
2011M07,9.00000000,11.12260484,2.26762695,0.98687564
2011M08,9.00000000,11.14921291,2.06555671,0.98767302
2011M09,9.00000000,11.21817041,2.26690283,0.98444135
2011M10,8.80000000,10.94762952,2.22264080,0.99285728
2011M11,8.60000000,10.72274977,2.04505346,0.99305440
2011M12,8.50000000,10.55350910,2.18968148,0.99821832
2012M01,8.30000000,10.30993450,2.41286169,1.00193433
2012M02,8.30000000,10.30224088,2.26092803,1.00305883
2012M03,8.20000000,10.20804728,2.47497561,0.99560683
2012M04,8.20000000,10.15286297,2.35594811,1.00216348
2012M05,8.20000000,10.15179581,2.38464221,1.00283182
2012M06,8.20000000,10.17084976,2.45030081,1.00253470
2012M07,8.20000000,10.13087853,2.38402561,1.00486580
2012M08,8.10000000,9.98390854,2.38041392,0.99912137
2012M09,7.80000000,9.71220138,2.26927043,0.99619282
2012M10,7.80000000,9.70525608,2.38373812,0.99457682
2012M11,7.70000000,9.60753557,2.28018901,0.99757612
2012M12,7.90000000,9.80029645,2.29393168,0.99971706
2013M01,8.00000000,9.90673954,2.44281376,1.00000838
2013M02,7.70000000,9.51311935,2.55614505,1.00414694
2013M03,7.50000000,9.31231179,2.53024096,1.00550468
2013M04,7.60000000,9.35025284,2.53227280,0.99957310
2013M05,7.50000000,9.25567063,2.49781401,0.99697774
2013M06,7.50000000,9.31214835,2.50595509,0.99843916
2013M07,7.30000000,9.00239058,2.48844787,0.99539155
2013M08,7.20000000,8.94455943,2.51534334,1.00371393
2013M09,7.20000000,8.92418795,2.52879174,1.01016452
2013M10,7.20000000,8.81235756,2.65592573,1.01005842
2013M11,6.90000000,8.54578296,2.47641130,1.01137016
2013M12,6.70000000,8.25976500,2.43713833,1.01022141
2014M01,6.60000000,8.12462790,2.56763454,0.99746925
2014M02,6.70000000,8.20834059,2.66514924,1.00104546
2014M03,6.70000000,8.24269137,2.69300741,1.00739530
2014M04,6.30000000,7.70700082,2.92013076,1.00794527
2014M05,6.30000000,7.70374589,2.96276774,1.01199716
2014M06,6.10000000,7.49276348,3.00240141,1.01773757
2014M07,6.20000000,7.57946210,2.96261161,1.02364467
2014M08,6.20000000,7.55926092,3.16735415,1.02310440
2014M09,5.90000000,7.29956908,2.94066748,1.02249093
2014M10,5.70000000,7.07135989,3.15955059,1.01533583
2014M11,5.80000000,7.12242653,3.00278035,1.02054781
2014M12,5.60000000,6.84621193,3.08315366,1.02120636
2015M01,5.70000000,7.01560504,3.25410822,1.02234822
2015M02,5.50000000,6.77080883,3.29347812,1.02469464
2015M03,5.50000000,6.72510035,3.30581676,1.02957714
2015M04,5.40000000,6.68884280,3.56508395,1.03101996
2015M05,5.50000000,6.75684109,3.44492502,1.02905391
2015M06,5.30000000,6.45758620,3.28832184,1.02635613
2015M07,5.20000000,6.40278395,3.73356258,1.02974264
2015M08,5.10000000,6.24297314,3.41432681,1.02916909
2015M09,5.00000000,6.16036786,3.42501595,1.02754826
2015M10,5.00000000,6.13923065,3.52301798,1.02617865
2015M11,5.00000000,6.17445076,3.31882999,1.02195649
2015M12,5.00000000,6.13416498,3.41426068,1.01849486
2016M01,4.90000000,6.06001831,3.61519569,1.02757412
2016M02,4.90000000,6.04549221,3.52683378,1.02154403
2016M03,5.00000000,6.19427354,3.73242576,1.01550185
2016M04,5.00000000,6.12685727,3.70754913,1.02086989
2016M05,4.70000000,5.77925044,3.59278793,1.02281667
2016M06,4.90000000,6.01821179,3.55399557,1.02645345
2016M07,4.90000000,5.94314649,3.75737248,1.02796202
2016M08,4.90000000,6.01041283,3.45737678,1.02688578
2016M09,5.00000000,6.06564283,3.53713048,1.02438220
2016M10,4.90000000,5.94503087,3.43456481,1.02505173
2016M11,4.60000000,5.69042086,3.52943389,1.02239432
2016M12,4.70000000,5.74276222,3.43692092,1.03241395
2017M01,4.80000000,5.83247472,3.40725529,1.02986363
2017M02,4.70000000,5.71132117,3.51006581,1.02468121
2017M03,4.50000000,5.48132634,3.49923550,1.02870516
2017M04,4.40000000,5.36572691,3.80881628,1.03444732
2017M05,4.30000000,5.22582568,3.56165756,1.03400487
2017M06,4.30000000,5.30881703,3.82301172,1.03762780
2017M07,4.30000000,5.29545212,3.86496912,1.04326692
2017M08,4.40000000,5.41002148,3.76343416,1.03992666
2017M09,4.20000000,5.14446203,3.86697458,1.03650642
2017M10,4.10000000,4.96393463,3.77811450,1.04137315
2017M11,4.10000000,5.02216554,3.69456747,1.03883310
2017M12,4.10000000,4.98672935,3.52995386,1.03910375
